"Station Name","TORONTO CITY CENTRE"
"Province","ONTARIO"
"Latitude","43.63"
"Longitude","-79.40"
"Elevation","76.80"
"Climate Identifier","6158359"
"WMO Identifier","71265"
"TC Identifier","YTZ"
"All times are specified in Local Standard Time (LST). Add 1 hour to adjust for Daylight Saving Time where and when it is observed."

"Legend"
"E","Estimated"
"M","Missing"
"NA","Not Available"

"Date/Time","Year","Month","Day","Time","Temp (°C)","Temp Flag","Dew Point Temp (°C)","Dew Point Temp Flag","Rel Hum (%)","Rel Hum Flag","Wind Dir (10s deg)","Wind Dir Flag","Wind Spd (km/h)","Wind Spd Flag","Visibility (km)","Visibility Flag","Stn Press (kPa)","Stn Press Flag","Hmdx","Hmdx Flag","Wind Chill","Wind Chill Flag","Weather"
"2013-02-01 00:00","2013","02","01","00:00","-5.0","","-10.6","","65","","28","","26","","16.1","","99.69","","","","-12","","NA"
"2013-02-01 01:00","2013","02","01","01:00","-5.0","","-10.6","","65","","28","","26","","16.1","","99.74","","","","-12","","NA"
"2013-02-01 02:00","2013","02","01","02:00","-5.8","","-10.0","","72","","33","","22","","16.1","","99.80","","","","-13","","NA"
"2013-02-01 03:00","2013","02","01","03:00","-6.4","","-12.6","","62","","28","","21","","16.1","","99.86","","","","-13","","NA"
"2013-02-01 04:00","2013","02","01","04:00","-7.1","","-13.0","","63","","29","","22","","16.1","","99.91","","","","-15","","NA"
"2013-02-01 05:00","2013","02","01","05:00","-7.6","","-12.8","","67","","30","","21","","16.1","","100.02","","","","-15","","NA"
"2013-02-01 06:00","2013","02","01","06:00","-7.9","","-12.9","","68","","28","","24","","16.1","","100.14","","","","-16","","NA"
"2013-02-01 07:00","2013","02","01","07:00","-8.2","","-13.4","","66","","29","","28","","16.1","","100.27","","","","-17","","NA"
"2013-02-01 08:00","2013","02","01","08:00","-8.4","","-13.0","","70","","29","","18","","16.1","","100.42","","","","-15","","NA"
"2013-02-01 09:00","2013","02","01","09:00","-7.8","","-13.3","","65","","30","","17","","16.1","","100.55","","","","-14","","NA"
"2013-02-01 10:00","2013","02","01","10:00","-7.4","","-13.5","","62","","27","","22","","16.1","","100.64","","","","-15","","NA"
"2013-02-01 11:00","2013","02","01","11:00","-6.7","","-14.0","","57","","28","","32","","16.1","","100.71","","","","-15","","NA"
"2013-02-01 12:00","2013","02","01","12:00","-6.5","","-14.3","","54","","27","","30","","16.1","","100.80","","","","-15","","NA"
"2013-02-01 13:00","2013","02","01","13:00","-6.1","","-14.3","","53","","27","","24","","16.1","","100.83","","","","-14","","NA"
"2013-02-01 14:00","2013","02","01","14:00","-6.4","","-14.7","","52","","29","","28","","16.1","","100.86","","","","-15","","NA"
"2013-02-01 15:00","2013","02","01","15:00","-6.0","","-15.6","","47","","29","","35","","16.1","","100.91","","","","-15","","NA"
"2013-02-01 16:00","2013","02","01","16:00","-5.8","","-15.3","","48","","31","","26","","16.1","","101.00","","","","-14","","NA"
"2013-02-01 17:00","2013","02","01","17:00","-6.7","","-14.6","","54","","32","","24","","16.1","","101.05","","","","-14","","NA"
"2013-02-01 18:00","2013","02","01","18:00","-7.3","","-14.3","","58","","30","","17","","16.1","","101.14","","","","-14","","NA"
"2013-02-01 19:00","2013","02","01","19:00","-7.0","","-14.1","","57","","31","","13","","16.1","","101.19","","","","-13","","NA"
"2013-02-01 20:00","2013","02","01","20:00","-7.1","","-12.9","","64","","29","","15","","16.1","","101.22","","","","-13","","NA"
"2013-02-01 21:00","2013","02","01","21:00","-6.7","","-10.8","","73","","26","","18","","16.1","","101.24","","","","-13","","NA"
"2013-02-01 22:00","2013","02","01","22:00","-6.8","","-11.2","","71","","26","","30","","16.1","","101.26","","","","-15","","NA"
"2013-02-01 23:00","2013","02","01","23:00","-6.4","","-12.2","","64","","25","","37","","16.1","","101.23","","","","-16","","NA"
"2013-02-02 00:00","2013","02","02","00:00","-6.4","","-12.7","","61","","25","","33","","16.1","","101.23","","","","-15","","NA"
"2013-02-02 01:00","2013","02","02","01:00","-6.6","","-11.2","","70","","24","","35","","16.1","","101.20","","","","-16","","NA"
"2013-02-02 02:00","2013","02","02","02:00","-7.1","","-12.6","","65","","24","","33","","16.1","","101.17","","","","-16","","NA"
"2013-02-02 03:00","2013","02","02","03:00","-7.7","","-12.9","","67","","25","","45","","16.1","","101.17","","","","-18","","NA"
"2013-02-02 04:00","2013","02","02","04:00","-8.0","","-13.8","","63","","24","","41","","16.1","","101.12","","","","-18","","NA"
"2013-02-02 05:00","2013","02","02","05:00","-8.3","","-13.5","","66","","23","","41","","16.1","","101.12","","","","-19","","NA"
"2013-02-02 06:00","2013","02","02","06:00","-8.0","","-13.3","","66","","25","","41","","16.1","","101.05","","","","-18","","NA"
"2013-02-02 07:00","2013","02","02","07:00","-7.5","","-12.3","","69","","23","","39","","16.1","","101.01","","","","-17","","NA"
"2013-02-02 08:00","2013","02","02","08:00","-7.3","","-11.7","","71","","24","","39","","16.1","","100.97","","","","-17","","NA"
"2013-02-02 09:00","2013","02","02","09:00","-6.9","","-10.8","","74","","24","","35","","16.1","","100.93","","","","-16","","NA"
"2013-02-02 10:00","2013","02","02","10:00","-6.6","","-10.8","","72","","25","","32","","16.1","","100.87","","","","-15","","NA"
"2013-02-02 11:00","2013","02","02","11:00","-6.1","","-10.5","","71","","24","","32","","16.1","","100.83","","","","-15","","NA"
"2013-02-02 12:00","2013","02","02","12:00","-5.5","","-10.3","","69","","25","","28","","16.1","","100.76","","","","-13","","NA"
"2013-02-02 13:00","2013","02","02","13:00","-5.1","","-10.9","","64","","25","","28","","16.1","","100.66","","","","-13","","NA"
"2013-02-02 14:00","2013","02","02","14:00","-4.8","","-10.7","","64","","25","","26","","16.1","","100.59","","","","-12","","NA"
"2013-02-02 15:00","2013","02","02","15:00","-4.6","","-10.8","","62","","25","","18","","16.1","","100.55","","","","-11","","NA"
"2013-02-02 16:00","2013","02","02","16:00","-4.7","","-10.9","","62","","27","","15","","16.1","","100.56","","","","-10","","NA"
"2013-02-02 17:00","2013","02","02","17:00","-5.2","","-10.0","","69","","28","","15","","16.1","","100.58","","","","-11","","NA"
"2013-02-02 18:00","2013","02","02","18:00","-5.2","","-11.4","","62","","29","","17","","16.1","","100.60","","","","-11","","NA"
"2013-02-02 19:00","2013","02","02","19:00","-5.5","","-10.7","","67","","32","","15","","16.1","","100.64","","","","-11","","NA"
"2013-02-02 20:00","2013","02","02","20:00","-6.1","","-12.3","","62","","32","","9","","16.1","","100.66","","","","-10","","NA"
"2013-02-02 21:00","2013","02","02","21:00","-6.6","","-12.6","","63","","34","","11","","16.1","","100.66","","","","-12","","NA"
"2013-02-02 22:00","2013","02","02","22:00","-6.8","","-11.8","","68","","32","","11","","16.1","","100.66","","","","-12","","NA"
"2013-02-02 23:00","2013","02","02","23:00","-7.1","","-12.5","","66","","3","","15","","16.1","","100.64","","","","-13","","NA"
"2013-02-03 00:00","2013","02","03","00:00","-7.6","","-13.1","","65","","6","","11","","16.1","","100.64","","","","-13","","NA"
"2013-02-03 01:00","2013","02","03","01:00","-7.6","","-11.5","","74","","32","","11","","16.1","","100.62","","","","-13","","NA"
"2013-02-03 02:00","2013","02","03","02:00","-8.2","","-11.4","","78","","32","","11","","16.1","","100.60","","","","-13","","NA"
"2013-02-03 03:00","2013","02","03","03:00","-8.4","","-12.1","","75","","33","","13","","16.1","","100.58","","","","-14","","NA"
"2013-02-03 04:00","2013","02","03","04:00","-8.5","","-12.7","","72","","32","","11","","16.1","","100.51","","","","-14","","NA"
"2013-02-03 05:00","2013","02","03","05:00","-8.4","","-14.2","","63","","31","","9","","16.1","","100.46","","","","-13","","NA"
"2013-02-03 06:00","2013","02","03","06:00","-8.7","","-14.3","","64","","33","","8","","16.1","","100.41","","","","-13","","NA"
"2013-02-03 07:00","2013","02","03","07:00","-7.9","","-14.0","","62","","31","","8","","16.1","","100.39","","","","-12","","NA"
"2013-02-03 08:00","2013","02","03","08:00","-7.9","","-13.5","","64","","","M","4","","16.1","","100.40","","","","-10","","NA"
"2013-02-03 09:00","2013","02","03","09:00","-6.9","","-13.7","","59","","","","0","","16.1","","100.37","","","","","","NA"
"2013-02-03 10:00","2013","02","03","10:00","-6.1","","-13.1","","58","","32","","9","","16.1","","100.32","","","","-10","","NA"
"2013-02-03 11:00","2013","02","03","11:00","-5.8","","-14.7","","50","","27","","5","","16.1","","100.29","","","","-8","","NA"
"2013-02-03 12:00","2013","02","03","12:00","-5.0","","-13.1","","53","","22","","9","","16.1","","100.22","","","","-9","","NA"
"2013-02-03 13:00","2013","02","03","13:00","-5.6","","-12.9","","57","","18","","5","","16.1","","100.17","","","","-8","","NA"
"2013-02-03 14:00","2013","02","03","14:00","-5.0","","-13.2","","53","","21","","8","","16.1","","100.09","","","","-9","","NA"
"2013-02-03 15:00","2013","02","03","15:00","-4.9","","-13.7","","51","","23","","11","","16.1","","100.05","","","","-9","","NA"
"2013-02-03 16:00","2013","02","03","16:00","-4.7","","-13.0","","53","","24","","11","","16.1","","100.04","","","","-9","","NA"
"2013-02-03 17:00","2013","02","03","17:00","-4.7","","-11.6","","59","","23","","18","","16.1","","100.04","","","","-11","","NA"
"2013-02-03 18:00","2013","02","03","18:00","-5.1","","-9.2","","73","","26","","24","","11.3","","100.08","","","","-12","","NA"
"2013-02-03 19:00","2013","02","03","19:00","-5.4","","-10.2","","69","","25","","24","","16.1","","100.15","","","","-13","","NA"
"2013-02-03 20:00","2013","02","03","20:00","-5.8","","-11.1","","66","","26","","28","","16.1","","100.18","","","","-14","","NA"
"2013-02-03 21:00","2013","02","03","21:00","-5.9","","-10.8","","68","","25","","24","","16.1","","100.19","","","","-13","","NA"
"2013-02-03 22:00","2013","02","03","22:00","-6.3","","-11.4","","67","","27","","24","","16.1","","100.20","","","","-14","","NA"
"2013-02-03 23:00","2013","02","03","23:00","-6.6","","-11.0","","71","","27","","32","","16.1","","100.20","","","","-15","","NA"
"2013-02-04 00:00","2013","02","04","00:00","-6.8","","-10.7","","74","","26","","24","","16.1","","100.20","","","","-14","","NA"
"2013-02-04 01:00","2013","02","04","01:00","-6.7","","-10.6","","74","","27","","28","","16.1","","100.20","","","","-15","","NA"
"2013-02-04 02:00","2013","02","04","02:00","-6.3","","-10.3","","73","","28","","24","","16.1","","100.23","","","","-14","","NA"
"2013-02-04 03:00","2013","02","04","03:00","-6.3","","-10.0","","75","","27","","26","","16.1","","100.33","","","","-14","","NA"
"2013-02-04 04:00","2013","02","04","04:00","-6.1","","-10.2","","73","","28","","26","","16.1","","100.38","","","","-14","","NA"
"2013-02-04 05:00","2013","02","04","05:00","-6.8","","-12.8","","63","","28","","35","","16.1","","100.42","","","","-16","","NA"
"2013-02-04 06:00","2013","02","04","06:00","-7.2","","-14.8","","55","","28","","28","","16.1","","100.46","","","","-16","","NA"
"2013-02-04 07:00","2013","02","04","07:00","-7.4","","-14.8","","56","","28","","22","","16.1","","100.51","","","","-15","","NA"
"2013-02-04 08:00","2013","02","04","08:00","-7.6","","-13.8","","61","","26","","21","","16.1","","100.52","","","","-15","","NA"
"2013-02-04 09:00","2013","02","04","09:00","-6.7","","-13.9","","57","","28","","22","","16.1","","100.57","","","","-14","","NA"
"2013-02-04 10:00","2013","02","04","10:00","-6.5","","-13.3","","59","","27","","18","","16.1","","100.56","","","","-13","","NA"
"2013-02-04 11:00","2013","02","04","11:00","-6.1","","-12.4","","61","","27","","18","","16.1","","100.56","","","","-13","","NA"
"2013-02-04 12:00","2013","02","04","12:00","-5.6","","-12.8","","57","","25","","18","","16.1","","100.51","","","","-12","","NA"
"2013-02-04 13:00","2013","02","04","13:00","-5.3","","-12.6","","57","","26","","24","","16.1","","100.44","","","","-13","","NA"
"2013-02-04 14:00","2013","02","04","14:00","-4.6","","-13.0","","52","","26","","30","","16.1","","100.41","","","","-12","","NA"
"2013-02-04 15:00","2013","02","04","15:00","-5.0","","-14.2","","49","","29","","22","","16.1","","100.41","","","","-12","","NA"
"2013-02-04 16:00","2013","02","04","16:00","-4.2","","-13.6","","48","","26","","24","","16.1","","100.39","","","","-11","","NA"
"2013-02-04 17:00","2013","02","04","17:00","-5.4","","-15.2","","46","","27","","18","","16.1","","100.36","","","","-12","","NA"
"2013-02-04 18:00","2013","02","04","18:00","-6.4","","-10.8","","71","","33","","15","","16.1","","100.38","","","","-12","","NA"
"2013-02-04 19:00","2013","02","04","19:00","-6.4","","-10.5","","73","","32","","8","","16.1","","100.41","","","","-10","","NA"
"2013-02-04 20:00","2013","02","04","20:00","-6.9","","-12.9","","63","","32","","8","","16.1","","100.46","","","","-11","","NA"
"2013-02-04 21:00","2013","02","04","21:00","-7.5","","-13.9","","61","","34","","8","","16.1","","100.47","","","","-12","","NA"
"2013-02-04 22:00","2013","02","04","22:00","-8.6","","-15.1","","60","","34","","9","","16.1","","100.50","","","","-13","","NA"
"2013-02-04 23:00","2013","02","04","23:00","-9.0","","-14.8","","63","","32","","8","","16.1","","100.52","","","","-13","","NA"
"2013-02-05 00:00","2013","02","05","00:00","-9.0","","-15.2","","61","","30","","5","","16.1","","100.54","","","","-12","","NA"
"2013-02-05 01:00","2013","02","05","01:00","-10.0","","-14.8","","68","","28","","4","","16.1","","100.51","","","","-12","","NA"
"2013-02-05 02:00","2013","02","05","02:00","-9.3","","-14.4","","67","","","M","4","","16.1","","100.51","","","","-12","","NA"
"2013-02-05 03:00","2013","02","05","03:00","-9.5","","-14.0","","70","","","","0","","16.1","","100.53","","","","","","NA"
"2013-02-05 04:00","2013","02","05","04:00","-9.3","","-14.9","","64","","32","","4","","16.1","","100.50","","","","-12","","NA"
"2013-02-05 05:00","2013","02","05","05:00","-9.7","","-14.0","","71","","","","0","","16.1","","100.51","","","","","","NA"
"2013-02-05 06:00","2013","02","05","06:00","-8.3","","-13.2","","68","","","","0","","16.1","","100.50","","","","","","NA"
"2013-02-05 07:00","2013","02","05","07:00","-7.4","","-12.0","","70","","30","","5","","16.1","","100.49","","","","-10","","NA"
"2013-02-05 08:00","2013","02","05","08:00","-7.4","","-12.1","","69","","31","","8","","16.1","","100.52","","","","-11","","NA"
"2013-02-05 09:00","2013","02","05","09:00","-6.1","","-11.8","","64","","30","","8","","16.1","","100.54","","","","-10","","NA"
"2013-02-05 10:00","2013","02","05","10:00","-5.4","","-12.1","","59","","","M","4","","16.1","","100.52","","","","-7","","NA"
"2013-02-05 11:00","2013","02","05","11:00","-5.6","","-11.2","","65","","","M","4","","14.5","","100.50","","","","-7","","NA"
"2013-02-05 12:00","2013","02","05","12:00","-5.5","","-9.5","","74","","23","","8","","12.9","","100.41","","","","-9","","NA"
"2013-02-05 13:00","2013","02","05","13:00","-5.3","","-8.8","","77","","19","","9","","16.1","","100.30","","","","-9","","NA"
"2013-02-05 14:00","2013","02","05","14:00","-4.4","","-10.0","","65","","20","","11","","16.1","","100.20","","","","-9","","NA"
"2013-02-05 15:00","2013","02","05","15:00","-4.0","","-10.2","","62","","21","","13","","16.1","","100.17","","","","-9","","NA"
"2013-02-05 16:00","2013","02","05","16:00","-3.4","","-9.2","","64","","22","","21","","16.1","","100.16","","","","-10","","NA"
"2013-02-05 17:00","2013","02","05","17:00","-3.4","","-9.0","","65","","23","","18","","16.1","","100.16","","","","-9","","NA"
"2013-02-05 18:00","2013","02","05","18:00","-3.5","","-10.5","","59","","25","","22","","16.1","","100.19","","","","-10","","NA"
"2013-02-05 19:00","2013","02","05","19:00","-3.6","","-10.6","","59","","23","","22","","16.1","","100.19","","","","-10","","NA"
"2013-02-05 20:00","2013","02","05","20:00","-3.1","","-9.6","","61","","22","","28","","16.1","","100.17","","","","-10","","NA"
"2013-02-05 21:00","2013","02","05","21:00","-2.7","","-7.9","","68","","23","","32","","16.1","","100.16","","","","-10","","NA"
"2013-02-05 22:00","2013","02","05","22:00","-3.0","","-7.8","","70","","24","","32","","16.1","","100.17","","","","-11","","NA"
"2013-02-05 23:00","2013","02","05","23:00","-3.2","","-7.1","","75","","25","","33","","16.1","","100.20","","","","-11","","NA"
"2013-02-06 00:00","2013","02","06","00:00","-2.9","","-6.2","","78","","24","","32","","16.1","","100.19","","","","-10","","NA"
"2013-02-06 01:00","2013","02","06","01:00","-2.5","","-5.5","","80","","25","","32","","16.1","","100.21","","","","-10","","NA"
"2013-02-06 02:00","2013","02","06","02:00","-2.4","","-4.4","","87","","25","","33","","12.9","","100.28","","","","-10","","NA"
"2013-02-06 03:00","2013","02","06","03:00","-2.2","","-4.6","","83","","25","","24","","16.1","","100.33","","","","-9","","NA"
"2013-02-06 04:00","2013","02","06","04:00","-2.2","","-6.5","","72","","28","","21","","16.1","","100.46","","","","-8","","NA"
"2013-02-06 05:00","2013","02","06","05:00","-2.8","","-8.2","","67","","29","","24","","16.1","","100.59","","","","-9","","NA"
"2013-02-06 06:00","2013","02","06","06:00","-3.5","","-8.5","","68","","32","","17","","16.1","","100.73","","","","-9","","NA"
"2013-02-06 07:00","2013","02","06","07:00","-4.6","","-11.6","","58","","32","","28","","16.1","","100.91","","","","-12","","NA"
"2013-02-06 08:00","2013","02","06","08:00","-6.0","","-16.1","","45","","30","","26","","16.1","","101.14","","","","-14","","NA"
"2013-02-06 09:00","2013","02","06","09:00","-6.2","","-14.6","","52","","32","","18","","16.1","","101.27","","","","-13","","NA"
"2013-02-06 10:00","2013","02","06","10:00","-5.9","","-14.0","","53","","32","","17","","16.1","","101.41","","","","-12","","NA"
"2013-02-06 11:00","2013","02","06","11:00","-6.0","","-12.7","","60","","33","","11","","16.1","","101.49","","","","-11","","NA"
"2013-02-06 12:00","2013","02","06","12:00","-5.0","","-13.4","","52","","29","","11","","16.1","","101.53","","","","-10","","NA"
"2013-02-06 13:00","2013","02","06","13:00","-4.4","","-14.3","","46","","30","","5","","16.1","","101.53","","","","-7","","NA"
"2013-02-06 14:00","2013","02","06","14:00","-3.5","","-17.7","","33","","26","","24","","16.1","","101.56","","","","-10","","NA"
"2013-02-06 15:00","2013","02","06","15:00","-3.1","","-16.9","","34","","28","","21","","16.1","","101.60","","","","-9","","NA"
"2013-02-06 16:00","2013","02","06","16:00","-2.9","","-15.4","","38","","29","","18","","16.1","","101.62","","","","-9","","NA"
"2013-02-06 17:00","2013","02","06","17:00","-3.5","","-14.3","","43","","30","","13","","16.1","","101.64","","","","-8","","NA"
"2013-02-06 18:00","2013","02","06","18:00","-4.0","","-13.0","","50","","29","","13","","16.1","","101.71","","","","-9","","NA"
"2013-02-06 19:00","2013","02","06","19:00","-4.3","","-12.5","","53","","29","","13","","16.1","","101.83","","","","-9","","NA"
"2013-02-06 20:00","2013","02","06","20:00","-4.3","","-12.7","","52","","32","","9","","16.1","","101.86","","","","-8","","NA"
"2013-02-06 21:00","2013","02","06","21:00","-5.3","","-11.3","","63","","8","","11","","16.1","","101.89","","","","-10","","NA"
"2013-02-06 22:00","2013","02","06","22:00","-6.0","","-12.0","","63","","6","","15","","16.1","","101.91","","","","-12","","NA"
"2013-02-06 23:00","2013","02","06","23:00","-6.2","","-11.2","","68","","6","","18","","16.1","","101.89","","","","-13","","NA"
"2013-02-07 00:00","2013","02","07","00:00","-5.6","","-10.2","","70","","5","","17","","16.1","","101.85","","","","-12","","NA"
"2013-02-07 01:00","2013","02","07","01:00","-5.4","","-9.7","","72","","6","","17","","16.1","","101.87","","","","-11","","NA"
"2013-02-07 02:00","2013","02","07","02:00","-5.3","","-9.6","","72","","6","","21","","16.1","","101.88","","","","-12","","NA"
"2013-02-07 03:00","2013","02","07","03:00","-4.8","","-8.5","","76","","6","","21","","16.1","","101.88","","","","-11","","NA"
"2013-02-07 04:00","2013","02","07","04:00","-4.4","","-8.0","","76","","6","","15","","16.1","","101.87","","","","-10","","NA"
"2013-02-07 05:00","2013","02","07","05:00","-3.2","","-7.2","","74","","11","","15","","16.1","","101.90","","","","-8","","NA"
"2013-02-07 06:00","2013","02","07","06:00","-3.2","","-7.0","","75","","10","","15","","16.1","","101.90","","","","-8","","NA"
"2013-02-07 07:00","2013","02","07","07:00","-3.5","","-6.9","","77","","10","","15","","16.1","","101.91","","","","-9","","NA"
"2013-02-07 08:00","2013","02","07","08:00","-3.3","","-6.9","","76","","11","","18","","16.1","","101.94","","","","-9","","NA"
"2013-02-07 09:00","2013","02","07","09:00","-2.9","","-7.1","","73","","9","","22","","16.1","","101.93","","","","-9","","NA"
"2013-02-07 10:00","2013","02","07","10:00","-2.7","","-7.6","","69","","10","","21","","16.1","","101.93","","","","-9","","NA"
"2013-02-07 11:00","2013","02","07","11:00","-2.4","","-7.9","","66","","10","","22","","16.1","","101.89","","","","-9","","NA"
"2013-02-07 12:00","2013","02","07","12:00","-2.2","","-7.1","","69","","8","","28","","16.1","","101.81","","","","-9","","NA"
"2013-02-07 13:00","2013","02","07","13:00","-1.4","","-6.3","","70","","8","","32","","16.1","","101.67","","","","-9","","NA"
"2013-02-07 14:00","2013","02","07","14:00","-2.0","","-4.5","","83","","6","","41","","16.1","","101.60","","","","-10","","NA"
"2013-02-07 15:00","2013","02","07","15:00","-3.2","","-4.6","","90","","6","","46","","4.8","","101.56","","","","-12","","NA"
"2013-02-07 16:00","2013","02","07","16:00","-3.6","","-4.7","","92","","6","","45","","1.6","","101.51","","","","-13","","NA"
"2013-02-07 17:00","2013","02","07","17:00","-3.3","","-4.4","","92","","7","","41","","2.0","","101.46","","","","-12","","NA"
"2013-02-07 18:00","2013","02","07","18:00","-3.1","","-4.4","","91","","7","","46","","2.8","","101.42","","","","-12","","NA"
"2013-02-07 19:00","2013","02","07","19:00","-3.3","","-4.1","","94","","7","","45","","1.2","","101.37","","","","-12","","NA"
"2013-02-07 20:00","2013","02","07","20:00","-3.5","","-4.5","","93","","7","","48","","2.0","","101.30","","","","-13","","NA"
"2013-02-07 21:00","2013","02","07","21:00","-3.5","","-4.6","","92","","7","","54","","2.8","","101.17","","","","-13","","NA"
"2013-02-07 22:00","2013","02","07","22:00","-3.3","","-4.4","","92","","7","","50","","4.8","","101.09","","","","-13","","NA"
"2013-02-07 23:00","2013","02","07","23:00","-3.8","","-4.6","","94","","7","","48","","11.3","","101.04","","","","-13","","NA"
"2013-02-08 00:00","2013","02","08","00:00","-3.4","","-4.5","","92","","6","","48","","11.3","","100.99","","","","-13","","NA"
"2013-02-08 01:00","2013","02","08","01:00","-5.3","","-6.5","","91","","6","","37","","16.1","","100.90","","","","-14","","NA"
"2013-02-08 02:00","2013","02","08","02:00","-5.2","","-5.9","","95","","6","","42","","16.1","","100.75","","","","-15","","NA"
"2013-02-08 03:00","2013","02","08","03:00","-4.8","","-5.5","","95","","5","","39","","16.1","","100.74","","","","-14","","NA"
"2013-02-08 04:00","2013","02","08","04:00","-5.6","","-6.7","","92","","5","","37","","1.6","","100.64","","","","-15","","NA"
"2013-02-08 05:00","2013","02","08","05:00","-4.8","","-5.8","","93","","6","","39","","1.6","","100.51","","","","-14","","NA"
"2013-02-08 06:00","2013","02","08","06:00","-4.2","","-5.0","","94","","6","","42","","1.6","","100.40","","","","-13","","NA"
"2013-02-08 07:00","2013","02","08","07:00","-4.0","","-4.7","","95","","5","","37","","0.4","","100.37","","","","-12","","NA"
"2013-02-08 08:00","2013","02","08","08:00","-4.9","","-5.9","","93","","5","","35","","0.2","","100.35","","","","-13","","NA"
"2013-02-08 09:00","2013","02","08","09:00","-5.3","","-6.5","","91","","5","","35","","0.4","","100.33","","","","-14","","NA"
"2013-02-08 10:00","2013","02","08","10:00","-6.0","","-7.6","","88","","4","","28","","1.2","","100.30","","","","-14","","NA"
"2013-02-08 11:00","2013","02","08","11:00","-6.2","","-8.0","","87","","2","","22","","1.2","","100.31","","","","-13","","NA"
"2013-02-08 12:00","2013","02","08","12:00","-6.2","","-8.0","","87","","36","","18","","0.8","","100.32","","","","-13","","NA"
"2013-02-08 13:00","2013","02","08","13:00","-7.0","","-9.0","","86","","35","","21","","1.0","","100.29","","","","-14","","NA"
"2013-02-08 14:00","2013","02","08","14:00","-7.3","","-9.4","","85","","34","","24","","1.2","","100.31","","","","-15","","NA"
"2013-02-08 15:00","2013","02","08","15:00","-7.2","","-9.2","","86","","35","","26","","0.8","","100.39","","","","-15","","NA"
"2013-02-08 16:00","2013","02","08","16:00","-7.4","","-9.4","","86","","34","","30","","1.2","","100.50","","","","-16","","NA"
"2013-02-08 17:00","2013","02","08","17:00","-7.8","","-10.1","","84","","35","","26","","2.0","","100.61","","","","-16","","NA"
"2013-02-08 18:00","2013","02","08","18:00","-7.7","","-10.1","","83","","34","","32","","2.0","","100.72","","","","-17","","NA"
"2013-02-08 19:00","2013","02","08","19:00","-7.7","","-10.3","","82","","34","","22","","3.2","","100.88","","","","-15","","NA"
"2013-02-08 20:00","2013","02","08","20:00","-8.2","","-10.3","","85","","34","","21","","1.6","","101.01","","","","-16","","NA"
"2013-02-08 21:00","2013","02","08","21:00","-7.9","","-11.3","","77","","35","","26","","4.0","","101.09","","","","-16","","NA"
"2013-02-08 22:00","2013","02","08","22:00","-7.4","","-11.3","","74","","34","","24","","8.1","","101.18","","","","-15","","NA"
"2013-02-08 23:00","2013","02","08","23:00","-7.4","","-11.5","","73","","34","","22","","16.1","","101.23","","","","-15","","NA"
"2013-02-09 00:00","2013","02","09","00:00","-7.7","","-11.6","","74","","33","","17","","16.1","","101.32","","","","-14","","NA"
"2013-02-09 01:00","2013","02","09","01:00","-8.4","","-12.2","","74","","32","","17","","16.1","","101.40","","","","-15","","NA"
"2013-02-09 02:00","2013","02","09","02:00","-9.0","","-12.6","","75","","32","","22","","16.1","","101.48","","","","-17","","NA"
"2013-02-09 03:00","2013","02","09","03:00","-9.4","","-13.0","","75","","33","","13","","16.1","","101.56","","","","-15","","NA"
"2013-02-09 04:00","2013","02","09","04:00","-9.7","","-13.2","","76","","32","","11","","16.1","","101.67","","","","-15","","NA"
"2013-02-09 05:00","2013","02","09","05:00","-9.8","","-13.6","","74","","33","","8","","16.1","","101.78","","","","-14","","NA"
"2013-02-09 06:00","2013","02","09","06:00","-9.7","","-13.9","","72","","35","","11","","16.1","","101.80","","","","-15","","NA"
"2013-02-09 07:00","2013","02","09","07:00","-10.1","","-14.4","","71","","35","","13","","16.1","","101.87","","","","-16","","NA"
"2013-02-09 08:00","2013","02","09","08:00","-10.6","","-14.7","","72","","32","","15","","16.1","","102.04","","","","-17","","NA"
"2013-02-09 09:00","2013","02","09","09:00","-10.1","","-14.9","","68","","34","","11","","16.1","","102.04","","","","-16","","NA"
"2013-02-09 10:00","2013","02","09","10:00","-9.0","","-14.7","","64","","35","","11","","16.1","","102.03","","","","-14","","NA"
"2013-02-09 11:00","2013","02","09","11:00","-7.9","","-14.0","","62","","32","","24","","16.1","","102.08","","","","-16","","NA"
"2013-02-09 12:00","2013","02","09","12:00","-5.8","","-12.4","","60","","33","","13","","16.1","","102.03","","","","-11","","NA"
"2013-02-09 13:00","2013","02","09","13:00","-4.5","","-12.0","","56","","30","","9","","16.1","","101.99","","","","-8","","NA"
"2013-02-09 14:00","2013","02","09","14:00","-3.6","","-11.7","","54","","","M","13","","16.1","","101.96","","","","-8","","NA"
"2013-02-09 15:00","2013","02","09","15:00","-2.6","","-11.4","","51","","31","","11","","16.1","","101.97","","","","-7","","NA"
"2013-02-09 16:00","2013","02","09","16:00","-2.4","","-13.3","","43","","31","","8","","16.1","","101.98","","","","-6","","NA"
"2013-02-09 17:00","2013","02","09","17:00","-3.0","","-12.7","","48","","30","","8","","16.1","","101.98","","","","-6","","NA"
"2013-02-09 18:00","2013","02","09","18:00","-3.7","","-12.7","","50","","31","","8","","16.1","","101.97","","","","-7","","NA"
"2013-02-09 19:00","2013","02","09","19:00","-6.9","","-13.1","","62","","30","","4","","16.1","","102.00","","","","-9","","NA"
"2013-02-09 20:00","2013","02","09","20:00","-4.7","","-10.1","","66","","29","","5","","16.1","","102.01","","","","-7","","NA"
"2013-02-09 21:00","2013","02","09","21:00","-5.8","","-11.4","","65","","","M","4","","16.1","","102.01","","","","-8","","NA"
"2013-02-09 22:00","2013","02","09","22:00","-6.2","","-9.5","","78","","7","","4","","16.1","","102.01","","","","-8","","NA"
"2013-02-09 23:00","2013","02","09","23:00","-7.6","","-9.7","","85","","8","","4","","16.1","","101.98","","","","-10","","NA"
"2013-02-10 00:00","2013","02","10","00:00","-5.8","","-9.2","","77","","23","","13","","16.1","","101.98","","","","-11","","NA"
"2013-02-10 01:00","2013","02","10","01:00","-5.5","","-9.0","","77","","24","","13","","16.1","","101.96","","","","-11","","NA"
"2013-02-10 02:00","2013","02","10","02:00","-6.3","","-9.7","","77","","31","","5","","16.1","","101.96","","","","-9","","NA"
"2013-02-10 03:00","2013","02","10","03:00","-5.8","","-10.0","","72","","30","","8","","16.1","","101.93","","","","-10","","NA"
"2013-02-10 04:00","2013","02","10","04:00","-6.1","","-9.5","","77","","30","","8","","16.1","","101.87","","","","-10","","NA"
"2013-02-10 05:00","2013","02","10","05:00","-9.5","","-10.7","","91","","8","","5","","11.3","","101.82","","","","-12","","NA"
"2013-02-10 06:00","2013","02","10","06:00","-7.4","","-7.8","","97","","","","0","","4.8","","101.84","","","","","","NA"
"2013-02-10 07:00","2013","02","10","07:00","-4.6","","-8.8","","73","","14","","9","","16.1","","101.85","","","","-8","","NA"
"2013-02-10 08:00","2013","02","10","08:00","-4.3","","-8.3","","74","","14","","8","","16.1","","101.91","","","","-8","","NA"
"2013-02-10 09:00","2013","02","10","09:00","-3.3","","-8.1","","70","","13","","9","","16.1","","101.88","","","","-7","","NA"
"2013-02-10 10:00","2013","02","10","10:00","-1.8","","-9.0","","58","","8","","13","","16.1","","101.78","","","","-6","","NA"
"2013-02-10 11:00","2013","02","10","11:00","-1.5","","-9.2","","56","","8","","18","","16.1","","101.68","","","","-7","","NA"
"2013-02-10 12:00","2013","02","10","12:00","-0.7","","-8.6","","55","","7","","28","","16.1","","101.52","","","","-7","","NA"
"2013-02-10 13:00","2013","02","10","13:00","-0.2","","-6.5","","63","","7","","28","","16.1","","101.44","","","","-7","","NA"
"2013-02-10 14:00","2013","02","10","14:00","0.2","","-5.8","","64","","7","","30","","16.1","","101.43","","","","","","NA"
"2013-02-10 15:00","2013","02","10","15:00","0.4","","-5.4","","65","","7","","35","","16.1","","101.22","","","","","","NA"
"2013-02-10 16:00","2013","02","10","16:00","0.6","","-3.7","","73","","7","","39","","16.1","","101.20","","","","","","NA"
"2013-02-10 17:00","2013","02","10","17:00","0.2","","-2.6","","82","","7","","39","","16.1","","101.07","","","","","","NA"
"2013-02-10 18:00","2013","02","10","18:00","0.4","","-2.8","","79","","8","","39","","16.1","","101.03","","","","","","NA"
"2013-02-10 19:00","2013","02","10","19:00","1.2","","-2.3","","78","","8","","30","","16.1","","100.93","","","","","","NA"
"2013-02-10 20:00","2013","02","10","20:00","1.7","","-1.6","","79","","7","","35","","16.1","","100.83","","","","","","NA"
"2013-02-10 21:00","2013","02","10","21:00","1.9","","-1.2","","80","","7","","33","","16.1","","100.67","","","","","","NA"
"2013-02-10 22:00","2013","02","10","22:00","1.4","","0.1","","91","","6","","26","","16.1","","100.66","","","","","","NA"
"2013-02-10 23:00","2013","02","10","23:00","1.8","","0.0","","88","","7","","22","","16.1","","100.55","","","","","","NA"
"2013-02-11 00:00","2013","02","11","00:00","1.6","","0.0","","89","","7","","18","","16.1","","100.40","","","","","","NA"
"2013-02-11 01:00","2013","02","11","01:00","1.5","","0.2","","91","","7","","18","","16.1","","100.25","","","","","","NA"
"2013-02-11 02:00","2013","02","11","02:00","2.1","","0.4","","89","","8","","13","","16.1","","100.15","","","","","","NA"
"2013-02-11 03:00","2013","02","11","03:00","2.1","","0.8","","91","","8","","11","","9.7","","100.09","","","","","","NA"
"2013-02-11 04:00","2013","02","11","04:00","2.3","","0.7","","89","","14","","9","","6.4","","99.94","","","","","","NA"
"2013-02-11 05:00","2013","02","11","05:00","2.0","","1.3","","95","","12","","9","","9.7","","99.83","","","","","","NA"
"2013-02-11 06:00","2013","02","11","06:00","1.8","","1.4","","97","","9","","8","","4.8","","99.74","","","","","","NA"
"2013-02-11 07:00","2013","02","11","07:00","1.7","","1.4","","98","","10","","9","","4.8","","99.66","","","","","","NA"
"2013-02-11 08:00","2013","02","11","08:00","2.4","","2.1","","98","","11","","5","","6.4","","99.57","","","","","","NA"
"2013-02-11 09:00","2013","02","11","09:00","3.1","","2.5","","96","","14","","8","","16.1","","99.48","","","","","","NA"
"2013-02-11 10:00","2013","02","11","10:00","4.5","","3.5","","93","","14","","5","","16.1","","99.33","","","","","","NA"
"2013-02-11 11:00","2013","02","11","11:00","4.5","","3.5","","93","","27","","5","","16.1","","99.23","","","","","","NA"
"2013-02-11 12:00","2013","02","11","12:00","4.0","","3.0","","93","","25","","13","","16.1","","99.20","","","","","","NA"
"2013-02-11 13:00","2013","02","11","13:00","5.8","","2.6","","80","","25","","33","","16.1","","99.11","","","","","","NA"
"2013-02-11 14:00","2013","02","11","14:00","5.5","","-1.1","","62","","24","","58","","16.1","","99.17","","","","","","NA"
"2013-02-11 15:00","2013","02","11","15:00","3.9","","-1.3","","69","","23","","52","","16.1","","99.20","","","","","","NA"
"2013-02-11 16:00","2013","02","11","16:00","2.4","","-0.2","","83","","24","","41","","9.7","","99.31","","","","","","NA"
"2013-02-11 17:00","2013","02","11","17:00","2.7","","-1.5","","74","","24","","48","","16.1","","99.38","","","","","","NA"
"2013-02-11 18:00","2013","02","11","18:00","2.4","","-1.6","","75","","23","","41","","16.1","","99.44","","","","","","NA"
"2013-02-11 19:00","2013","02","11","19:00","2.5","","-2.0","","72","","24","","39","","16.1","","99.51","","","","","","NA"
"2013-02-11 20:00","2013","02","11","20:00","2.3","","-1.8","","74","","23","","41","","16.1","","99.54","","","","","","NA"
"2013-02-11 21:00","2013","02","11","21:00","2.3","","-1.8","","74","","23","","41","","16.1","","99.54","","","","","","NA"
"2013-02-11 22:00","2013","02","11","22:00","2.3","","-1.5","","76","","24","","41","","16.1","","99.54","","","","","","NA"
"2013-02-11 23:00","2013","02","11","23:00","1.9","","-1.3","","79","","23","","46","","16.1","","99.54","","","","","","NA"
"2013-02-12 00:00","2013","02","12","00:00","1.7","","-0.7","","84","","23","","42","","16.1","","99.57","","","","","","NA"
"2013-02-12 01:00","2013","02","12","01:00","2.1","","-0.9","","81","","24","","41","","16.1","","99.62","","","","","","NA"
"2013-02-12 02:00","2013","02","12","02:00","2.4","","-1.4","","76","","25","","41","","16.1","","99.71","","","","","","NA"
"2013-02-12 03:00","2013","02","12","03:00","2.2","","-1.2","","78","","26","","42","","16.1","","99.77","","","","","","NA"
"2013-02-12 04:00","2013","02","12","04:00","2.0","","-1.3","","79","","26","","41","","16.1","","99.87","","","","","","NA"
"2013-02-12 05:00","2013","02","12","05:00","1.8","","-1.2","","81","","25","","35","","16.1","","99.97","","","","","","NA"
"2013-02-12 06:00","2013","02","12","06:00","1.4","","-1.3","","83","","26","","33","","16.1","","100.05","","","","","","NA"
"2013-02-12 07:00","2013","02","12","07:00","1.2","","-1.3","","83","","27","","28","","16.1","","100.16","","","","","","NA"
"2013-02-12 08:00","2013","02","12","08:00","1.3","","-3.8","","69","","28","","33","","16.1","","100.24","","","","","","NA"
"2013-02-12 09:00","2013","02","12","09:00","1.1","","-3.7","","71","","28","","28","","16.1","","100.32","","","","","","NA"
"2013-02-12 10:00","2013","02","12","10:00","1.0","","-4.6","","66","","27","","32","","16.1","","100.37","","","","","","NA"
"2013-02-12 11:00","2013","02","12","11:00","0.9","","-5.6","","62","","27","","41","","16.1","","100.38","","","","","","NA"
"2013-02-12 12:00","2013","02","12","12:00","1.5","","-5.6","","59","","27","","35","","16.1","","100.41","","","","","","NA"
"2013-02-12 13:00","2013","02","12","13:00","1.2","","-6.2","","58","","27","","30","","16.1","","100.38","","","","","","NA"
"2013-02-12 14:00","2013","02","12","14:00","1.0","","-5.2","","63","","27","","28","","16.1","","100.35","","","","","","NA"
"2013-02-12 15:00","2013","02","12","15:00","0.9","","-4.2","","69","","26","","32","","16.1","","100.37","","","","","","NA"
"2013-02-12 16:00","2013","02","12","16:00","0.3","","-3.4","","77","","25","","30","","16.1","","100.29","","","","","","NA"
"2013-02-12 17:00","2013","02","12","17:00","0.5","","-4.8","","68","","26","","35","","16.1","","100.34","","","","","","NA"
"2013-02-12 18:00","2013","02","12","18:00","0.4","","-4.8","","68","","26","","33","","16.1","","100.43","","","","","","NA"
"2013-02-12 19:00","2013","02","12","19:00","0.3","","-4.3","","72","","26","","21","","16.1","","100.50","","","","","","NA"
"2013-02-12 20:00","2013","02","12","20:00","0.4","","-4.0","","72","","26","","32","","16.1","","100.51","","","","","","NA"
"2013-02-12 21:00","2013","02","12","21:00","0.1","","-4.6","","71","","25","","26","","16.1","","100.48","","","","","","NA"
"2013-02-12 22:00","2013","02","12","22:00","0.1","","-4.6","","71","","26","","26","","16.1","","100.42","","","","","","NA"
"2013-02-12 23:00","2013","02","12","23:00","-0.3","","-4.0","","76","","27","","13","","16.1","","100.37","","","","-4","","NA"
"2013-02-13 00:00","2013","02","13","00:00","-0.1","","-4.0","","75","","23","","26","","16.1","","100.31","","","","-6","","NA"
"2013-02-13 01:00","2013","02","13","01:00","0.1","","-5.6","","66","","27","","22","","16.1","","100.31","","","","","","NA"
"2013-02-13 02:00","2013","02","13","02:00","0.0","","-4.8","","70","","25","","15","","16.1","","100.29","","","","-4","","NA"
"2013-02-13 03:00","2013","02","13","03:00","0.0","","-4.7","","71","","26","","15","","16.1","","100.26","","","","-4","","NA"
"2013-02-13 04:00","2013","02","13","04:00","0.0","","-4.3","","73","","25","","13","","16.1","","100.21","","","","-4","","NA"
"2013-02-13 05:00","2013","02","13","05:00","-0.1","","-4.7","","71","","25","","17","","16.1","","100.20","","","","-5","","NA"
"2013-02-13 06:00","2013","02","13","06:00","-0.3","","-4.2","","75","","25","","21","","16.1","","100.21","","","","-6","","NA"
"2013-02-13 07:00","2013","02","13","07:00","-0.5","","-5.8","","67","","27","","21","","16.1","","100.19","","","","-6","","NA"
"2013-02-13 08:00","2013","02","13","08:00","-0.7","","-6.4","","65","","27","","17","","16.1","","100.18","","","","-6","","NA"
"2013-02-13 09:00","2013","02","13","09:00","-0.7","","-7.4","","61","","28","","17","","16.1","","100.14","","","","-6","","NA"
"2013-02-13 10:00","2013","02","13","10:00","-0.7","","-7.5","","60","","26","","11","","16.1","","100.12","","","","-4","","NA"
"2013-02-13 11:00","2013","02","13","11:00","0.0","","-7.0","","60","","24","","13","","16.1","","100.08","","","","-4","","NA"
"2013-02-13 12:00","2013","02","13","12:00","0.0","","-7.2","","58","","24","","13","","16.1","","99.99","","","","-4","","NA"
"2013-02-13 13:00","2013","02","13","13:00","0.1","","-6.4","","62","","23","","11","","16.1","","99.96","","","","","","NA"
"2013-02-13 14:00","2013","02","13","14:00","0.3","","-6.6","","60","","20","","15","","16.1","","99.92","","","","","","NA"
"2013-02-13 15:00","2013","02","13","15:00","0.4","","-6.3","","61","","21","","5","","16.1","","99.85","","","","","","NA"
"2013-02-13 16:00","2013","02","13","16:00","0.8","","-5.7","","62","","19","","13","","16.1","","99.84","","","","","","NA"
"2013-02-13 17:00","2013","02","13","17:00","0.5","","-5.2","","66","","18","","11","","16.1","","99.86","","","","","","NA"
"2013-02-13 18:00","2013","02","13","18:00","-0.2","","-5.4","","68","","27","","11","","16.1","","99.86","","","","-4","","NA"
"2013-02-13 19:00","2013","02","13","19:00","-0.8","","-6.9","","63","","33","","17","","16.1","","99.89","","","","-6","","NA"
"2013-02-13 20:00","2013","02","13","20:00","-1.3","","-7.1","","65","","31","","13","","16.1","","99.94","","","","-6","","NA"
"2013-02-13 21:00","2013","02","13","21:00","-1.5","","-6.8","","67","","31","","11","","16.1","","99.97","","","","-5","","NA"
"2013-02-13 22:00","2013","02","13","22:00","-1.5","","-7.0","","66","","31","","9","","16.1","","100.01","","","","-5","","NA"
"2013-02-13 23:00","2013","02","13","23:00","-1.8","","-6.6","","70","","31","","5","","16.1","","100.04","","","","-4","","NA"
"2013-02-14 00:00","2013","02","14","00:00","-2.3","","-6.5","","73","","29","","8","","16.1","","100.09","","","","-5","","NA"
"2013-02-14 01:00","2013","02","14","01:00","-2.4","","-6.4","","74","","28","","8","","16.1","","100.12","","","","-6","","NA"
"2013-02-14 02:00","2013","02","14","02:00","-2.1","","-6.3","","73","","29","","4","","16.1","","100.12","","","","-4","","NA"
"2013-02-14 03:00","2013","02","14","03:00","-1.9","","-5.2","","78","","26","","5","","16.1","","100.13","","","","-4","","NA"
"2013-02-14 04:00","2013","02","14","04:00","-1.5","","-5.5","","74","","27","","4","","16.1","","100.15","","","","-3","","NA"
"2013-02-14 05:00","2013","02","14","05:00","-1.2","","-4.5","","79","","23","","8","","16.1","","100.18","","","","-4","","NA"
"2013-02-14 06:00","2013","02","14","06:00","-0.8","","-4.2","","78","","19","","17","","11.3","","100.19","","","","-6","","NA"
"2013-02-14 07:00","2013","02","14","07:00","-1.1","","-3.2","","86","","19","","13","","11.3","","100.21","","","","-5","","NA"
"2013-02-14 08:00","2013","02","14","08:00","-0.4","","-2.5","","86","","18","","15","","11.3","","100.22","","","","-5","","NA"
"2013-02-14 09:00","2013","02","14","09:00","0.0","","-2.6","","83","","19","","17","","14.5","","100.25","","","","-5","","NA"
"2013-02-14 10:00","2013","02","14","10:00","0.2","","-2.7","","81","","18","","15","","16.1","","100.25","","","","","","NA"
"2013-02-14 11:00","2013","02","14","11:00","0.7","","-3.1","","76","","17","","13","","16.1","","100.20","","","","","","NA"
"2013-02-14 12:00","2013","02","14","12:00","1.1","","-2.5","","77","","17","","17","","16.1","","100.15","","","","","","NA"
"2013-02-14 13:00","2013","02","14","13:00","1.4","","-1.2","","83","","20","","22","","4.8","","100.08","","","","","","NA"
"2013-02-14 14:00","2013","02","14","14:00","1.5","","-0.6","","86","","19","","18","","4.8","","100.01","","","","","","NA"
"2013-02-14 15:00","2013","02","14","15:00","1.4","","-0.1","","90","","20","","22","","4.8","","99.99","","","","","","NA"
"2013-02-14 16:00","2013","02","14","16:00","1.8","","0.3","","90","","20","","22","","4.8","","99.97","","","","","","NA"
"2013-02-14 17:00","2013","02","14","17:00","1.9","","0.7","","92","","20","","21","","4.8","","99.94","","","","","","NA"
"2013-02-14 18:00","2013","02","14","18:00","1.9","","1.1","","94","","17","","18","","4.8","","99.91","","","","","","NA"
"2013-02-14 19:00","2013","02","14","19:00","1.7","","1.0","","95","","17","","21","","4.8","","99.91","","","","","","NA"
"2013-02-14 20:00","2013","02","14","20:00","1.6","","0.8","","95","","20","","18","","4.0","","99.89","","","","","","NA"
"2013-02-14 21:00","2013","02","14","21:00","2.3","","1.4","","94","","21","","28","","16.1","","99.83","","","","","","NA"
"2013-02-14 22:00","2013","02","14","22:00","2.1","","1.2","","94","","22","","32","","9.7","","99.78","","","","","","NA"
"2013-02-14 23:00","2013","02","14","23:00","2.6","","1.4","","92","","21","","28","","14.5","","99.72","","","","","","NA"
"2013-02-15 00:00","2013","02","15","00:00","2.6","","1.4","","92","","23","","30","","11.3","","99.72","","","","","","NA"
"2013-02-15 01:00","2013","02","15","01:00","2.7","","1.2","","90","","22","","24","","11.3","","99.69","","","","","","NA"
"2013-02-15 02:00","2013","02","15","02:00","2.8","","0.4","","84","","22","","35","","16.1","","99.69","","","","","","NA"
"2013-02-15 03:00","2013","02","15","03:00","2.8","","-0.2","","81","","23","","39","","16.1","","99.69","","","","","","NA"
"2013-02-15 04:00","2013","02","15","04:00","2.7","","-0.4","","80","","23","","35","","16.1","","99.69","","","","","","NA"
"2013-02-15 05:00","2013","02","15","05:00","1.8","","-2.9","","71","","27","","37","","16.1","","99.87","","","","","","NA"
"2013-02-15 06:00","2013","02","15","06:00","0.9","","-3.6","","72","","26","","41","","16.1","","100.03","","","","","","NA"
"2013-02-15 07:00","2013","02","15","07:00","0.6","","-3.2","","76","","25","","35","","16.1","","100.12","","","","","","NA"
"2013-02-15 08:00","2013","02","15","08:00","0.2","","-4.4","","71","","27","","41","","16.1","","100.23","","","","","","NA"
"2013-02-15 09:00","2013","02","15","09:00","-0.5","","-4.8","","73","","26","","35","","16.1","","100.36","","","","-8","","NA"
"2013-02-15 10:00","2013","02","15","10:00","-0.7","","-6.1","","67","","25","","45","","16.1","","100.44","","","","-9","","NA"
"2013-02-15 11:00","2013","02","15","11:00","-0.6","","-5.9","","67","","25","","35","","16.1","","100.48","","","","-8","","NA"
"2013-02-15 12:00","2013","02","15","12:00","-0.4","","-6.4","","64","","25","","39","","16.1","","100.51","","","","-8","","NA"
"2013-02-15 13:00","2013","02","15","13:00","-0.8","","-6.6","","65","","27","","35","","16.1","","100.53","","","","-8","","NA"
"2013-02-15 14:00","2013","02","15","14:00","-0.9","","-7.7","","60","","28","","24","","16.1","","100.56","","","","-7","","NA"
"2013-02-15 15:00","2013","02","15","15:00","-0.7","","-8.1","","58","","27","","24","","16.1","","100.60","","","","-7","","NA"
"2013-02-15 16:00","2013","02","15","16:00","-1.1","","-10.1","","51","","26","","39","","16.1","","100.64","","","","-9","","NA"
"2013-02-15 17:00","2013","02","15","17:00","-1.7","","-9.9","","54","","26","","32","","16.1","","100.70","","","","-9","","NA"
"2013-02-15 18:00","2013","02","15","18:00","-2.6","","-9.8","","58","","26","","30","","16.1","","100.76","","","","-10","","NA"
"2013-02-15 19:00","2013","02","15","19:00","-3.2","","-8.5","","67","","27","","22","","16.1","","100.87","","","","-10","","NA"
"2013-02-15 20:00","2013","02","15","20:00","-3.7","","-8.2","","71","","28","","18","","16.1","","100.90","","","","-10","","NA"
"2013-02-15 21:00","2013","02","15","21:00","-3.9","","-8.9","","69","","28","","21","","16.1","","100.95","","","","-10","","NA"
"2013-02-15 22:00","2013","02","15","22:00","-4.4","","-9.5","","68","","28","","22","","16.1","","100.96","","","","-11","","NA"
"2013-02-15 23:00","2013","02","15","23:00","-5.0","","-9.5","","71","","28","","21","","16.1","","100.95","","","","-12","","NA"
"2013-02-16 00:00","2013","02","16","00:00","-5.0","","-9.7","","70","","28","","15","","16.1","","100.95","","","","-11","","NA"
"2013-02-16 01:00","2013","02","16","01:00","-5.3","","-9.6","","72","","28","","9","","16.1","","100.92","","","","-9","","NA"
"2013-02-16 02:00","2013","02","16","02:00","-5.5","","-9.3","","75","","29","","5","","16.1","","100.90","","","","-8","","NA"
"2013-02-16 03:00","2013","02","16","03:00","-5.6","","-8.8","","78","","30","","13","","16.1","","100.88","","","","-11","","NA"
"2013-02-16 04:00","2013","02","16","04:00","-5.5","","-9.1","","76","","31","","8","","16.1","","100.85","","","","-9","","NA"
"2013-02-16 05:00","2013","02","16","05:00","-5.5","","-8.9","","77","","29","","11","","16.1","","100.84","","","","-10","","NA"
"2013-02-16 06:00","2013","02","16","06:00","-5.2","","-8.8","","76","","","","0","","16.1","","100.83","","","","","","NA"
"2013-02-16 07:00","2013","02","16","07:00","-5.0","","-8.1","","79","","","M","4","","6.4","","100.82","","","","-7","","NA"
"2013-02-16 08:00","2013","02","16","08:00","-5.0","","-6.3","","91","","10","","9","","6.4","","100.83","","","","-9","","NA"
"2013-02-16 09:00","2013","02","16","09:00","-4.3","","-5.8","","89","","7","","5","","16.1","","100.80","","","","-6","","NA"
"2013-02-16 10:00","2013","02","16","10:00","-3.5","","-7.4","","75","","24","","8","","16.1","","100.79","","","","-7","","NA"
"2013-02-16 11:00","2013","02","16","11:00","-3.0","","-8.2","","68","","23","","5","","16.1","","100.76","","","","-5","","NA"
"2013-02-16 12:00","2013","02","16","12:00","-2.9","","-8.4","","66","","21","","8","","16.1","","100.72","","","","-6","","NA"
"2013-02-16 13:00","2013","02","16","13:00","-2.9","","-8.0","","68","","22","","8","","16.1","","100.65","","","","-6","","NA"
"2013-02-16 14:00","2013","02","16","14:00","-3.0","","-5.8","","81","","8","","9","","11.3","","100.60","","","","-7","","NA"
"2013-02-16 15:00","2013","02","16","15:00","-2.6","","-6.7","","74","","","M","4","","16.1","","100.56","","","","-4","","NA"
"2013-02-16 16:00","2013","02","16","16:00","-3.2","","-5.3","","86","","7","","26","","9.7","","100.56","","","","-10","","NA"
"2013-02-16 17:00","2013","02","16","17:00","-4.2","","-6.3","","85","","6","","21","","2.8","","100.58","","","","-11","","NA"
"2013-02-16 18:00","2013","02","16","18:00","-4.7","","-6.8","","86","","3","","21","","1.6","","100.60","","","","-11","","NA"
"2013-02-16 19:00","2013","02","16","19:00","-5.3","","-6.8","","89","","35","","17","","1.0","","100.67","","","","-11","","NA"
"2013-02-16 20:00","2013","02","16","20:00","-5.7","","-7.8","","85","","3","","24","","1.2","","100.69","","","","-13","","NA"
"2013-02-16 21:00","2013","02","16","21:00","-5.9","","-8.2","","84","","36","","26","","3.2","","100.66","","","","-14","","NA"
"2013-02-16 22:00","2013","02","16","22:00","-6.0","","-8.8","","81","","35","","17","","9.7","","100.65","","","","-12","","NA"
"2013-02-16 23:00","2013","02","16","23:00","-6.2","","-10.4","","72","","34","","13","","16.1","","100.63","","","","-12","","NA"
"2013-02-17 00:00","2013","02","17","00:00","-6.3","","-11.4","","67","","34","","18","","14.5","","100.59","","","","-13","","NA"
"2013-02-17 01:00","2013","02","17","01:00","-6.9","","-13.6","","59","","35","","21","","16.1","","100.60","","","","-14","","NA"
"2013-02-17 02:00","2013","02","17","02:00","-7.5","","-14.2","","59","","34","","18","","16.1","","100.62","","","","-14","","NA"
"2013-02-17 03:00","2013","02","17","03:00","-9.1","","-14.2","","67","","33","","18","","16.1","","100.65","","","","-16","","NA"
"2013-02-17 04:00","2013","02","17","04:00","-10.1","","-14.7","","69","","34","","18","","16.1","","100.69","","","","-18","","NA"
"2013-02-17 05:00","2013","02","17","05:00","-10.8","","-15.3","","70","","32","","21","","16.1","","100.72","","","","-19","","NA"
"2013-02-17 06:00","2013","02","17","06:00","-12.0","","-15.9","","73","","35","","21","","16.1","","100.78","","","","-21","","NA"
"2013-02-17 07:00","2013","02","17","07:00","-12.9","","-16.8","","73","","35","","13","","16.1","","100.83","","","","-20","","NA"
"2013-02-17 08:00","2013","02","17","08:00","-12.6","","-17.7","","66","","33","","17","","16.1","","100.88","","","","-20","","NA"
"2013-02-17 09:00","2013","02","17","09:00","-12.1","","-18.8","","58","","32","","24","","16.1","","100.89","","","","-21","","NA"
"2013-02-17 10:00","2013","02","17","10:00","-11.5","","-19.0","","54","","32","","26","","16.1","","100.91","","","","-21","","NA"
"2013-02-17 11:00","2013","02","17","11:00","-10.9","","-18.6","","54","","32","","24","","16.1","","100.95","","","","-20","","NA"
"2013-02-17 12:00","2013","02","17","12:00","-10.3","","-17.8","","55","","30","","35","","16.1","","100.95","","","","-21","","NA"
"2013-02-17 13:00","2013","02","17","13:00","-9.9","","-17.9","","53","","32","","18","","16.1","","100.96","","","","-17","","NA"
"2013-02-17 14:00","2013","02","17","14:00","-8.7","","-16.7","","53","","31","","28","","16.1","","100.94","","","","-18","","NA"
"2013-02-17 15:00","2013","02","17","15:00","-8.4","","-16.4","","53","","30","","21","","16.1","","100.94","","","","-16","","NA"
"2013-02-17 16:00","2013","02","17","16:00","-8.3","","-16.7","","51","","30","","24","","16.1","","100.96","","","","-16","","NA"
"2013-02-17 17:00","2013","02","17","17:00","-9.1","","-16.3","","56","","30","","21","","16.1","","101.01","","","","-17","","NA"
"2013-02-17 18:00","2013","02","17","18:00","-9.7","","-16.3","","59","","31","","22","","16.1","","101.11","","","","-18","","NA"
"2013-02-17 19:00","2013","02","17","19:00","-9.8","","-16.6","","58","","31","","17","","16.1","","101.19","","","","-17","","NA"
"2013-02-17 20:00","2013","02","17","20:00","-10.0","","-15.8","","63","","29","","18","","16.1","","101.24","","","","-17","","NA"
"2013-02-17 21:00","2013","02","17","21:00","-10.4","","-16.5","","61","","29","","18","","16.1","","101.31","","","","-18","","NA"
"2013-02-17 22:00","2013","02","17","22:00","-10.7","","-16.6","","62","","31","","9","","16.1","","101.43","","","","-16","","NA"
"2013-02-17 23:00","2013","02","17","23:00","-11.0","","-16.0","","67","","31","","8","","16.1","","101.48","","","","-16","","NA"
"2013-02-18 00:00","2013","02","18","00:00","-11.0","","-16.0","","67","","32","","9","","16.1","","101.45","","","","-16","","NA"
"2013-02-18 01:00","2013","02","18","01:00","-11.2","","-15.9","","69","","29","","9","","16.1","","101.45","","","","-16","","NA"
"2013-02-18 02:00","2013","02","18","02:00","-12.0","","-16.3","","71","","29","","15","","16.1","","101.50","","","","-19","","NA"
"2013-02-18 03:00","2013","02","18","03:00","-11.8","","-16.1","","71","","30","","9","","16.1","","101.51","","","","-17","","NA"
"2013-02-18 04:00","2013","02","18","04:00","-11.7","","-15.5","","74","","29","","11","","16.1","","101.52","","","","-18","","NA"
"2013-02-18 05:00","2013","02","18","05:00","-11.4","","-14.7","","77","","29","","9","","16.1","","101.56","","","","-17","","NA"
"2013-02-18 06:00","2013","02","18","06:00","-10.9","","-14.0","","78","","29","","8","","16.1","","101.57","","","","-16","","NA"
"2013-02-18 07:00","2013","02","18","07:00","-10.9","","-14.0","","78","","27","","8","","16.1","","101.57","","","","-16","","NA"
"2013-02-18 08:00","2013","02","18","08:00","-10.3","","-13.7","","77","","30","","8","","16.1","","101.55","","","","-15","","NA"
"2013-02-18 09:00","2013","02","18","09:00","-8.7","","-13.1","","71","","27","","9","","16.1","","101.57","","","","-13","","NA"
"2013-02-18 10:00","2013","02","18","10:00","-6.9","","-11.9","","68","","26","","8","","16.1","","101.48","","","","-11","","NA"
"2013-02-18 11:00","2013","02","18","11:00","-4.9","","-10.5","","65","","20","","5","","16.1","","101.39","","","","-7","","NA"
"2013-02-18 12:00","2013","02","18","12:00","-3.0","","-11.0","","54","","18","","18","","16.1","","101.36","","","","-9","","NA"
"2013-02-18 13:00","2013","02","18","13:00","-2.6","","-9.8","","58","","18","","21","","16.1","","101.18","","","","-9","","NA"
"2013-02-18 14:00","2013","02","18","14:00","-2.4","","-9.0","","61","","17","","18","","16.1","","101.15","","","","-8","","NA"
"2013-02-18 15:00","2013","02","18","15:00","-1.8","","-9.3","","57","","12","","15","","16.1","","101.06","","","","-7","","NA"
"2013-02-18 16:00","2013","02","18","16:00","-1.7","","-8.9","","58","","11","","15","","16.1","","100.96","","","","-7","","NA"
"2013-02-18 17:00","2013","02","18","17:00","-1.9","","-8.0","","63","","9","","17","","16.1","","100.85","","","","-7","","NA"
"2013-02-18 18:00","2013","02","18","18:00","-1.7","","-7.9","","63","","9","","22","","16.1","","100.77","","","","-8","","NA"
"2013-02-18 19:00","2013","02","18","19:00","-0.9","","-6.8","","65","","9","","26","","16.1","","100.65","","","","-7","","NA"
"2013-02-18 20:00","2013","02","18","20:00","-0.3","","-5.5","","68","","9","","24","","16.1","","100.55","","","","-6","","NA"
"2013-02-18 21:00","2013","02","18","21:00","0.0","","-4.6","","71","","8","","21","","16.1","","100.46","","","","-5","","NA"
"2013-02-18 22:00","2013","02","18","22:00","0.8","","-4.0","","71","","9","","17","","16.1","","100.38","","","","","","NA"
"2013-02-18 23:00","2013","02","18","23:00","1.2","","-3.3","","72","","8","","17","","16.1","","100.25","","","","","","NA"
"2013-02-19 00:00","2013","02","19","00:00","1.4","","-2.9","","73","","8","","21","","16.1","","100.17","","","","","","NA"
"2013-02-19 01:00","2013","02","19","01:00","1.7","","-2.0","","76","","8","","28","","16.1","","100.06","","","","","","NA"
"2013-02-19 02:00","2013","02","19","02:00","1.9","","-1.0","","81","","7","","26","","16.1","","99.96","","","","","","NA"
"2013-02-19 03:00","2013","02","19","03:00","2.2","","-0.6","","82","","7","","30","","16.1","","99.83","","","","","","NA"
"2013-02-19 04:00","2013","02","19","04:00","2.2","","-0.3","","84","","7","","24","","16.1","","99.70","","","","","","NA"
"2013-02-19 05:00","2013","02","19","05:00","2.5","","-0.1","","83","","8","","21","","16.1","","99.59","","","","","","NA"
"2013-02-19 06:00","2013","02","19","06:00","2.9","","1.8","","92","","17","","13","","11.3","","99.49","","","","","","NA"
"2013-02-19 07:00","2013","02","19","07:00","2.6","","1.7","","94","","9","","11","","6.4","","99.34","","","","","","NA"
"2013-02-19 08:00","2013","02","19","08:00","3.6","","3.0","","96","","16","","21","","9.7","","99.26","","","","","","NA"
"2013-02-19 09:00","2013","02","19","09:00","3.8","","2.8","","93","","19","","24","","16.1","","99.16","","","","","","NA"
"2013-02-19 10:00","2013","02","19","10:00","4.0","","2.2","","88","","20","","28","","16.1","","99.08","","","","","","NA"
"2013-02-19 11:00","2013","02","19","11:00","4.2","","2.4","","88","","20","","37","","16.1","","99.04","","","","","","NA"
"2013-02-19 12:00","2013","02","19","12:00","3.3","","2.0","","91","","22","","28","","16.1","","99.06","","","","","","NA"
"2013-02-19 13:00","2013","02","19","13:00","2.9","","1.1","","88","","22","","45","","16.1","","99.05","","","","","","NA"
"2013-02-19 14:00","2013","02","19","14:00","1.8","","0.0","","88","","21","","46","","16.1","","99.12","","","","","","NA"
"2013-02-19 15:00","2013","02","19","15:00","0.6","","-1.6","","85","","22","","48","","16.1","","99.21","","","","","","NA"
"2013-02-19 16:00","2013","02","19","16:00","0.2","","-2.8","","80","","22","","50","","16.1","","99.30","","","","","","NA"
"2013-02-19 17:00","2013","02","19","17:00","-0.7","","-3.7","","80","","23","","48","","9.7","","99.42","","","","-9","","NA"
"2013-02-19 18:00","2013","02","19","18:00","-0.9","","-4.8","","75","","24","","50","","16.1","","99.51","","","","-9","","NA"
"2013-02-19 19:00","2013","02","19","19:00","-1.4","","-6.0","","71","","24","","45","","16.1","","99.60","","","","-10","","NA"
"2013-02-19 20:00","2013","02","19","20:00","-2.3","","-6.3","","74","","24","","50","","16.1","","99.66","","","","-11","","NA"
"2013-02-19 21:00","2013","02","19","21:00","-2.6","","-6.2","","76","","24","","45","","16.1","","99.72","","","","-11","","NA"
"2013-02-19 22:00","2013","02","19","22:00","-2.7","","-7.0","","72","","24","","45","","16.1","","99.75","","","","-11","","NA"
"2013-02-19 23:00","2013","02","19","23:00","-3.1","","-6.6","","77","","25","","45","","16.1","","99.74","","","","-12","","NA"
"2013-02-20 00:00","2013","02","20","00:00","-3.6","","-6.1","","83","","25","","35","","4.0","","99.78","","","","-12","","NA"
"2013-02-20 01:00","2013","02","20","01:00","-3.7","","-6.9","","78","","25","","35","","16.1","","99.81","","","","-12","","NA"
"2013-02-20 02:00","2013","02","20","02:00","-4.1","","-9.1","","68","","26","","37","","16.1","","99.88","","","","-13","","NA"
"2013-02-20 03:00","2013","02","20","03:00","-4.4","","-9.8","","66","","26","","33","","16.1","","99.93","","","","-13","","NA"
"2013-02-20 04:00","2013","02","20","04:00","-4.8","","-9.7","","69","","26","","39","","16.1","","99.95","","","","-14","","NA"
"2013-02-20 05:00","2013","02","20","05:00","-5.1","","-10.1","","68","","26","","41","","16.1","","100.01","","","","-14","","NA"
"2013-02-20 06:00","2013","02","20","06:00","-5.6","","-10.2","","71","","26","","42","","16.1","","100.07","","","","-15","","NA"
"2013-02-20 07:00","2013","02","20","07:00","-5.9","","-9.4","","77","","26","","33","","6.4","","100.14","","","","-15","","NA"
"2013-02-20 08:00","2013","02","20","08:00","-5.9","","-10.4","","71","","26","","37","","16.1","","100.19","","","","-15","","NA"
"2013-02-20 09:00","2013","02","20","09:00","-5.5","","-11.2","","64","","26","","39","","16.1","","100.22","","","","-15","","NA"
"2013-02-20 10:00","2013","02","20","10:00","-5.5","","-11.4","","63","","27","","37","","16.1","","100.23","","","","-14","","NA"
"2013-02-20 11:00","2013","02","20","11:00","-5.2","","-10.4","","67","","28","","35","","16.1","","100.30","","","","-14","","NA"
"2013-02-20 12:00","2013","02","20","12:00","-4.4","","-12.0","","56","","29","","39","","16.1","","100.36","","","","-13","","NA"
"2013-02-20 13:00","2013","02","20","13:00","-4.2","","-11.7","","56","","29","","35","","16.1","","100.42","","","","-13","","NA"
"2013-02-20 14:00","2013","02","20","14:00","-4.3","","-11.6","","57","","29","","41","","16.1","","100.48","","","","-13","","NA"
"2013-02-20 15:00","2013","02","20","15:00","-4.2","","-11.0","","59","","29","","32","","16.1","","100.56","","","","-12","","NA"
"2013-02-20 16:00","2013","02","20","16:00","-4.7","","-10.9","","62","","28","","32","","16.1","","100.65","","","","-13","","NA"
"2013-02-20 17:00","2013","02","20","17:00","-4.9","","-11.0","","63","","29","","30","","16.1","","100.71","","","","-13","","NA"
"2013-02-20 18:00","2013","02","20","18:00","-5.0","","-10.8","","64","","29","","32","","16.1","","100.82","","","","-13","","NA"
"2013-02-20 19:00","2013","02","20","19:00","-5.2","","-11.0","","64","","28","","41","","16.1","","100.86","","","","-14","","NA"
"2013-02-20 20:00","2013","02","20","20:00","-5.6","","-11.1","","65","","28","","35","","16.1","","100.92","","","","-14","","NA"
"2013-02-20 21:00","2013","02","20","21:00","-5.8","","-11.1","","66","","29","","33","","16.1","","100.93","","","","-14","","NA"
"2013-02-20 22:00","2013","02","20","22:00","-5.5","","-10.9","","66","","28","","35","","16.1","","100.95","","","","-14","","NA"
"2013-02-20 23:00","2013","02","20","23:00","-5.4","","-10.6","","67","","28","","28","","16.1","","100.94","","","","-13","","NA"
"2013-02-21 00:00","2013","02","21","00:00","-6.1","","-11.5","","66","","32","","22","","16.1","","100.95","","","","-13","","NA"
"2013-02-21 01:00","2013","02","21","01:00","-6.4","","-12.3","","63","","29","","33","","16.1","","100.97","","","","-15","","NA"
"2013-02-21 02:00","2013","02","21","02:00","-6.9","","-12.8","","63","","32","","22","","16.1","","101.03","","","","-14","","NA"
"2013-02-21 03:00","2013","02","21","03:00","-8.0","","-12.4","","71","","32","","21","","16.1","","101.08","","","","-16","","NA"
"2013-02-21 04:00","2013","02","21","04:00","-9.2","","-13.7","","70","","36","","17","","16.1","","101.16","","","","-16","","NA"
"2013-02-21 05:00","2013","02","21","05:00","-10.7","","-15.5","","68","","32","","18","","16.1","","101.30","","","","-18","","NA"
"2013-02-21 06:00","2013","02","21","06:00","-11.3","","-16.0","","69","","32","","22","","16.1","","101.35","","","","-20","","NA"
"2013-02-21 07:00","2013","02","21","07:00","-11.5","","-15.9","","71","","32","","18","","16.1","","101.44","","","","-19","","NA"
"2013-02-21 08:00","2013","02","21","08:00","-11.3","","-15.4","","72","","31","","17","","16.1","","101.55","","","","-19","","NA"
"2013-02-21 09:00","2013","02","21","09:00","-10.0","","-15.6","","64","","33","","24","","16.1","","101.61","","","","-19","","NA"
"2013-02-21 10:00","2013","02","21","10:00","-9.1","","-15.4","","60","","32","","30","","16.1","","101.70","","","","-18","","NA"
"2013-02-21 11:00","2013","02","21","11:00","-8.0","","-14.1","","62","","30","","22","","16.1","","101.66","","","","-16","","NA"
"2013-02-21 12:00","2013","02","21","12:00","-6.6","","-13.2","","60","","30","","26","","16.1","","101.63","","","","-15","","NA"
"2013-02-21 13:00","2013","02","21","13:00","-5.5","","-11.7","","62","","30","","18","","16.1","","101.63","","","","-12","","NA"
"2013-02-21 14:00","2013","02","21","14:00","-4.2","","-10.7","","61","","31","","15","","16.1","","101.61","","","","-10","","NA"
"2013-02-21 15:00","2013","02","21","15:00","-3.9","","-9.9","","63","","30","","13","","16.1","","101.68","","","","-9","","NA"
"2013-02-21 16:00","2013","02","21","16:00","-3.3","","-9.6","","62","","33","","13","","16.1","","101.72","","","","-8","","NA"
"2013-02-21 17:00","2013","02","21","17:00","-3.6","","-9.5","","64","","32","","21","","16.1","","101.72","","","","-10","","NA"
"2013-02-21 18:00","2013","02","21","18:00","-4.4","","-9.2","","69","","34","","13","","16.1","","101.85","","","","-9","","NA"
"2013-02-21 19:00","2013","02","21","19:00","-5.2","","-8.8","","76","","33","","17","","16.1","","102.01","","","","-11","","NA"
"2013-02-21 20:00","2013","02","21","20:00","-5.5","","-9.3","","75","","36","","13","","16.1","","102.07","","","","-11","","NA"
"2013-02-21 21:00","2013","02","21","21:00","-6.1","","-11.1","","68","","35","","13","","16.1","","102.05","","","","-11","","NA"
"2013-02-21 22:00","2013","02","21","22:00","-6.5","","-11.6","","67","","36","","9","","16.1","","102.08","","","","-11","","NA"
"2013-02-21 23:00","2013","02","21","23:00","-6.7","","-11.0","","72","","36","","8","","16.1","","102.01","","","","-11","","NA"
"2013-02-22 00:00","2013","02","22","00:00","-6.9","","-11.1","","72","","34","","8","","16.1","","101.98","","","","-11","","NA"
"2013-02-22 01:00","2013","02","22","01:00","-7.0","","-10.9","","74","","8","","13","","16.1","","101.99","","","","-13","","NA"
"2013-02-22 02:00","2013","02","22","02:00","-6.8","","-10.2","","77","","","M","","M","16.1","","101.98","","","","","","NA"
"2013-02-22 03:00","2013","02","22","03:00","-5.8","","-8.7","","80","","6","","13","","16.1","","101.93","","","","-11","","NA"
"2013-02-22 04:00","2013","02","22","04:00","-4.7","","-7.5","","81","","5","","15","","16.1","","101.90","","","","-10","","NA"
"2013-02-22 05:00","2013","02","22","05:00","-4.7","","-7.2","","83","","6","","17","","16.1","","101.85","","","","-11","","NA"
"2013-02-22 06:00","2013","02","22","06:00","-2.4","","-6.1","","76","","10","","21","","16.1","","101.80","","","","-8","","NA"
"2013-02-22 07:00","2013","02","22","07:00","-2.1","","-5.1","","80","","10","","24","","16.1","","101.72","","","","-8","","NA"
"2013-02-22 08:00","2013","02","22","08:00","-2.2","","-4.7","","83","","9","","33","","16.1","","101.68","","","","-10","","NA"
"2013-02-22 09:00","2013","02","22","09:00","-1.7","","-4.4","","82","","9","","35","","16.1","","101.63","","","","-9","","NA"
"2013-02-22 10:00","2013","02","22","10:00","-1.3","","-4.0","","82","","8","","35","","16.1","","101.43","","","","-9","","NA"
"2013-02-22 11:00","2013","02","22","11:00","-0.9","","-3.3","","84","","8","","37","","16.1","","101.37","","","","-8","","NA"
"2013-02-22 12:00","2013","02","22","12:00","-0.1","","-2.8","","82","","7","","48","","16.1","","101.20","","","","-8","","NA"
"2013-02-22 13:00","2013","02","22","13:00","-0.1","","-2.8","","82","","8","","41","","16.1","","101.07","","","","-8","","NA"
"2013-02-22 14:00","2013","02","22","14:00","-0.5","","-2.9","","84","","8","","39","","12.9","","101.03","","","","-8","","NA"
"2013-02-22 15:00","2013","02","22","15:00","-0.3","","-2.2","","87","","9","","37","","4.8","","100.88","","","","-8","","NA"
"2013-02-22 16:00","2013","02","22","16:00","-0.4","","-2.4","","86","","9","","39","","16.1","","100.84","","","","-8","","NA"
"2013-02-22 17:00","2013","02","22","17:00","-0.2","","-1.3","","92","","9","","32","","4.8","","100.80","","","","-7","","NA"
"2013-02-22 18:00","2013","02","22","18:00","0.2","","-1.0","","92","","9","","28","","8.1","","100.77","","","","","","NA"
"2013-02-22 19:00","2013","02","22","19:00","0.5","","-0.4","","94","","9","","21","","11.3","","100.77","","","","","","NA"
"2013-02-22 20:00","2013","02","22","20:00","0.7","","0.0","","95","","9","","21","","16.1","","100.70","","","","","","NA"
"2013-02-22 21:00","2013","02","22","21:00","0.9","","0.2","","95","","10","","15","","11.3","","100.69","","","","","","NA"
"2013-02-22 22:00","2013","02","22","22:00","1.1","","0.4","","95","","10","","11","","6.4","","100.62","","","","","","NA"
"2013-02-22 23:00","2013","02","22","23:00","1.3","","0.6","","95","","10","","11","","16.1","","100.55","","","","","","NA"
"2013-02-23 00:00","2013","02","23","00:00","1.9","","0.6","","91","","15","","8","","16.1","","100.53","","","","","","NA"
"2013-02-23 01:00","2013","02","23","01:00","2.4","","0.9","","90","","18","","15","","16.1","","100.48","","","","","","NA"
"2013-02-23 02:00","2013","02","23","02:00","2.6","","1.0","","89","","19","","21","","16.1","","100.45","","","","","","NA"
"2013-02-23 03:00","2013","02","23","03:00","2.8","","1.2","","89","","19","","22","","16.1","","100.40","","","","","","NA"
"2013-02-23 04:00","2013","02","23","04:00","2.6","","1.0","","89","","18","","24","","16.1","","100.38","","","","","","NA"
"2013-02-23 05:00","2013","02","23","05:00","2.5","","0.9","","89","","19","","22","","16.1","","100.37","","","","","","NA"
"2013-02-23 06:00","2013","02","23","06:00","2.4","","0.7","","88","","19","","21","","16.1","","100.38","","","","","","NA"
"2013-02-23 07:00","2013","02","23","07:00","2.3","","0.7","","89","","20","","22","","16.1","","100.39","","","","","","NA"
"2013-02-23 08:00","2013","02","23","08:00","2.2","","0.9","","91","","19","","21","","16.1","","100.39","","","","","","NA"
"2013-02-23 09:00","2013","02","23","09:00","2.2","","0.6","","89","","19","","17","","16.1","","100.38","","","","","","NA"
"2013-02-23 10:00","2013","02","23","10:00","2.4","","0.8","","89","","19","","18","","16.1","","100.33","","","","","","NA"
"2013-02-23 11:00","2013","02","23","11:00","2.5","","0.7","","88","","20","","21","","16.1","","100.29","","","","","","NA"
"2013-02-23 12:00","2013","02","23","12:00","2.3","","1.1","","92","","21","","18","","16.1","","100.27","","","","","","NA"
"2013-02-23 13:00","2013","02","23","13:00","2.5","","0.7","","88","","21","","21","","16.1","","100.21","","","","","","NA"
"2013-02-23 14:00","2013","02","23","14:00","2.4","","-0.8","","79","","23","","24","","16.1","","100.18","","","","","","NA"
"2013-02-23 15:00","2013","02","23","15:00","2.1","","-4.1","","64","","24","","32","","16.1","","100.18","","","","","","NA"
"2013-02-23 16:00","2013","02","23","16:00","1.7","","-4.1","","66","","24","","24","","16.1","","100.19","","","","","","NA"
"2013-02-23 17:00","2013","02","23","17:00","1.6","","-3.4","","70","","24","","15","","16.1","","100.24","","","","","","NA"
"2013-02-23 18:00","2013","02","23","18:00","1.6","","-4.6","","64","","28","","9","","16.1","","100.24","","","","","","NA"
"2013-02-23 19:00","2013","02","23","19:00","1.4","","-4.7","","64","","27","","17","","16.1","","100.29","","","","","","NA"
"2013-02-23 20:00","2013","02","23","20:00","0.7","","-4.0","","71","","27","","11","","16.1","","100.32","","","","","","NA"
"2013-02-23 21:00","2013","02","23","21:00","0.4","","-3.2","","77","","25","","13","","14.5","","100.32","","","","","","NA"
"2013-02-23 22:00","2013","02","23","22:00","0.4","","-3.3","","76","","23","","15","","16.1","","100.29","","","","","","NA"
"2013-02-23 23:00","2013","02","23","23:00","-0.1","","-3.7","","77","","24","","15","","16.1","","100.25","","","","-5","","NA"
"2013-02-24 00:00","2013","02","24","00:00","-0.1","","-3.8","","76","","24","","15","","16.1","","100.23","","","","-5","","NA"
"2013-02-24 01:00","2013","02","24","01:00","-0.3","","-3.7","","78","","24","","13","","16.1","","100.19","","","","-4","","NA"
"2013-02-24 02:00","2013","02","24","02:00","-0.4","","-3.8","","78","","25","","13","","16.1","","100.17","","","","-5","","NA"
"2013-02-24 03:00","2013","02","24","03:00","-0.3","","-3.7","","78","","24","","15","","12.9","","100.17","","","","-5","","NA"
"2013-02-24 04:00","2013","02","24","04:00","-0.5","","-3.7","","79","","24","","15","","11.3","","100.18","","","","-5","","NA"
"2013-02-24 05:00","2013","02","24","05:00","-0.6","","-3.5","","81","","26","","13","","11.3","","100.21","","","","-5","","NA"
"2013-02-24 06:00","2013","02","24","06:00","-1.0","","-2.6","","89","","27","","15","","2.8","","100.24","","","","-6","","NA"
"2013-02-24 07:00","2013","02","24","07:00","-1.4","","-2.1","","95","","26","","15","","1.2","","100.26","","","","-6","","NA"
"2013-02-24 08:00","2013","02","24","08:00","-1.4","","-2.5","","92","","27","","13","","3.6","","100.28","","","","-6","","NA"
"2013-02-24 09:00","2013","02","24","09:00","-1.4","","-3.0","","89","","26","","18","","3.2","","100.32","","","","-7","","NA"
"2013-02-24 10:00","2013","02","24","10:00","-0.3","","-4.4","","74","","27","","21","","16.1","","100.33","","","","-6","","NA"
"2013-02-24 11:00","2013","02","24","11:00","0.9","","-3.4","","73","","26","","21","","16.1","","100.34","","","","","","NA"
"2013-02-24 12:00","2013","02","24","12:00","0.3","","-3.4","","77","","25","","26","","16.1","","100.37","","","","","","NA"
"2013-02-24 13:00","2013","02","24","13:00","0.1","","-1.9","","86","","27","","18","","3.6","","100.39","","","","","","NA"
"2013-02-24 14:00","2013","02","24","14:00","1.9","","-3.1","","70","","28","","28","","16.1","","100.37","","","","","","NA"
"2013-02-24 15:00","2013","02","24","15:00","2.1","","-3.6","","66","","29","","28","","16.1","","100.42","","","","","","NA"
"2013-02-24 16:00","2013","02","24","16:00","1.6","","-3.0","","71","","29","","24","","16.1","","100.52","","","","","","NA"
"2013-02-24 17:00","2013","02","24","17:00","1.8","","-3.4","","69","","30","","21","","16.1","","100.60","","","","","","NA"
"2013-02-24 18:00","2013","02","24","18:00","1.7","","-3.6","","68","","29","","18","","16.1","","100.70","","","","","","NA"
"2013-02-24 19:00","2013","02","24","19:00","1.3","","-3.2","","72","","28","","22","","16.1","","100.80","","","","","","NA"
"2013-02-24 20:00","2013","02","24","20:00","1.0","","-3.8","","71","","28","","24","","16.1","","100.87","","","","","","NA"
"2013-02-24 21:00","2013","02","24","21:00","1.0","","-3.9","","70","","29","","17","","16.1","","100.93","","","","","","NA"
"2013-02-24 22:00","2013","02","24","22:00","0.9","","-3.6","","72","","27","","13","","16.1","","100.96","","","","","","NA"
"2013-02-24 23:00","2013","02","24","23:00","0.8","","-3.7","","72","","27","","11","","16.1","","100.95","","","","","","NA"
"2013-02-25 00:00","2013","02","25","00:00","0.8","","-3.4","","73","","28","","21","","16.1","","100.99","","","","","","NA"
"2013-02-25 01:00","2013","02","25","01:00","0.8","","-3.3","","74","","29","","17","","16.1","","101.05","","","","","","NA"
"2013-02-25 02:00","2013","02","25","02:00","0.9","","-3.6","","72","","28","","9","","16.1","","101.08","","","","","","NA"
"2013-02-25 03:00","2013","02","25","03:00","0.9","","-3.8","","71","","27","","5","","16.1","","101.09","","","","","","NA"
"2013-02-25 04:00","2013","02","25","04:00","0.6","","-3.2","","76","","28","","13","","16.1","","101.14","","","","","","NA"
"2013-02-25 05:00","2013","02","25","05:00","0.4","","-3.0","","78","","28","","13","","16.1","","101.17","","","","","","NA"
"2013-02-25 06:00","2013","02","25","06:00","0.5","","-3.1","","77","","30","","11","","16.1","","101.20","","","","","","NA"
"2013-02-25 07:00","2013","02","25","07:00","0.9","","-2.9","","76","","30","","9","","16.1","","101.23","","","","","","NA"
"2013-02-25 08:00","2013","02","25","08:00","1.0","","-3.1","","74","","30","","13","","16.1","","101.27","","","","","","NA"
"2013-02-25 09:00","2013","02","25","09:00","1.4","","-3.3","","71","","30","","8","","16.1","","101.35","","","","","","NA"
"2013-02-25 10:00","2013","02","25","10:00","1.5","","-3.5","","70","","29","","9","","16.1","","101.36","","","","","","NA"
"2013-02-25 11:00","2013","02","25","11:00","1.5","","-2.3","","76","","26","","13","","16.1","","101.37","","","","","","NA"
"2013-02-25 12:00","2013","02","25","12:00","1.8","","-2.6","","73","","24","","9","","16.1","","101.40","","","","","","NA"
"2013-02-25 13:00","2013","02","25","13:00","1.4","","-1.6","","81","","22","","13","","16.1","","101.42","","","","","","NA"
"2013-02-25 14:00","2013","02","25","14:00","1.8","","-1.8","","77","","21","","15","","16.1","","101.39","","","","","","NA"
"2013-02-25 15:00","2013","02","25","15:00","1.9","","-1.7","","77","","20","","11","","16.1","","101.36","","","","","","NA"
"2013-02-25 16:00","2013","02","25","16:00","2.0","","-1.9","","76","","20","","8","","16.1","","101.35","","","","","","NA"
"2013-02-25 17:00","2013","02","25","17:00","2.0","","-2.5","","72","","22","","5","","16.1","","101.33","","","","","","NA"
"2013-02-25 18:00","2013","02","25","18:00","1.6","","-1.8","","78","","21","","11","","16.1","","101.37","","","","","","NA"
"2013-02-25 19:00","2013","02","25","19:00","1.7","","-1.3","","81","","23","","9","","16.1","","101.39","","","","","","NA"
"2013-02-25 20:00","2013","02","25","20:00","1.6","","-2.2","","76","","17","","5","","16.1","","101.39","","","","","","NA"
"2013-02-25 21:00","2013","02","25","21:00","1.5","","-1.4","","81","","19","","4","","16.1","","101.42","","","","","","NA"
"2013-02-25 22:00","2013","02","25","22:00","1.4","","-3.1","","72","","16","","5","","16.1","","101.45","","","","","","NA"
"2013-02-25 23:00","2013","02","25","23:00","1.7","","-2.8","","72","","13","","5","","16.1","","101.39","","","","","","NA"
"2013-02-26 00:00","2013","02","26","00:00","1.4","","-1.3","","82","","8","","8","","16.1","","101.30","","","","","","NA"
"2013-02-26 01:00","2013","02","26","01:00","1.2","","-1.0","","85","","6","","8","","16.1","","101.40","","","","","","NA"
"2013-02-26 02:00","2013","02","26","02:00","1.2","","-0.7","","87","","8","","8","","16.1","","101.39","","","","","","NA"
"2013-02-26 03:00","2013","02","26","03:00","1.3","","-3.8","","69","","11","","9","","16.1","","101.33","","","","","","NA"
"2013-02-26 04:00","2013","02","26","04:00","1.5","","-4.2","","66","","10","","11","","16.1","","101.37","","","","","","NA"
"2013-02-26 05:00","2013","02","26","05:00","1.3","","-3.4","","71","","8","","15","","16.1","","101.31","","","","","","NA"
"2013-02-26 06:00","2013","02","26","06:00","1.4","","-3.1","","72","","8","","18","","16.1","","101.29","","","","","","NA"
"2013-02-26 07:00","2013","02","26","07:00","1.3","","-2.9","","74","","7","","30","","16.1","","101.20","","","","","","NA"
"2013-02-26 08:00","2013","02","26","08:00","1.7","","-1.9","","77","","7","","32","","16.1","","101.16","","","","","","NA"
"2013-02-26 09:00","2013","02","26","09:00","2.6","","-1.2","","76","","8","","26","","16.1","","101.23","","","","","","NA"
"2013-02-26 10:00","2013","02","26","10:00","2.9","","-1.1","","75","","8","","28","","16.1","","101.21","","","","","","NA"
"2013-02-26 11:00","2013","02","26","11:00","2.6","","-0.6","","79","","7","","32","","16.1","","101.08","","","","","","NA"
"2013-02-26 12:00","2013","02","26","12:00","3.1","","-0.6","","77","","7","","39","","16.1","","100.96","","","","","","NA"
"2013-02-26 13:00","2013","02","26","13:00","2.7","","-0.5","","80","","6","","46","","16.1","","100.79","","","","","","NA"
"2013-02-26 14:00","2013","02","26","14:00","2.3","","-0.3","","83","","7","","39","","16.1","","100.68","","","","","","NA"
"2013-02-26 15:00","2013","02","26","15:00","2.6","","-0.9","","78","","7","","48","","16.1","","100.59","","","","","","NA"
"2013-02-26 16:00","2013","02","26","16:00","2.7","","-0.8","","78","","7","","42","","16.1","","100.51","","","","","","NA"
"2013-02-26 17:00","2013","02","26","17:00","2.8","","-1.2","","75","","7","","48","","16.1","","100.38","","","","","","NA"
"2013-02-26 18:00","2013","02","26","18:00","3.2","","-0.6","","76","","7","","48","","16.1","","100.42","","","","","","NA"
"2013-02-26 19:00","2013","02","26","19:00","3.3","","-0.7","","75","","7","","46","","16.1","","100.35","","","","","","NA"
"2013-02-26 20:00","2013","02","26","20:00","2.8","","0.4","","84","","7","","39","","16.1","","100.28","","","","","","NA"
"2013-02-26 21:00","2013","02","26","21:00","2.7","","0.6","","86","","8","","39","","14.5","","100.27","","","","","","NA"
"2013-02-26 22:00","2013","02","26","22:00","1.2","","0.5","","95","","8","","39","","3.2","","100.24","","","","","","NA"
"2013-02-26 23:00","2013","02","26","23:00","0.5","","0.1","","97","","7","","45","","2.0","","100.09","","","","","","NA"
"2013-02-27 00:00","2013","02","27","00:00","0.8","","0.4","","97","","6","","48","","2.4","","99.89","","","","","","NA"
"2013-02-27 01:00","2013","02","27","01:00","1.2","","0.8","","97","","6","","54","","2.8","","99.77","","","","","","NA"
"2013-02-27 02:00","2013","02","27","02:00","1.1","","0.4","","95","","8","","48","","4.8","","99.82","","","","","","NA"
"2013-02-27 03:00","2013","02","27","03:00","1.1","","0.5","","96","","7","","46","","4.8","","99.72","","","","","","NA"
"2013-02-27 04:00","2013","02","27","04:00","1.5","","0.8","","95","","8","","46","","6.4","","99.60","","","","","","NA"
"2013-02-27 05:00","2013","02","27","05:00","1.4","","0.8","","96","","7","","46","","6.4","","99.54","","","","","","NA"
"2013-02-27 06:00","2013","02","27","06:00","1.4","","0.7","","95","","7","","45","","4.0","","99.50","","","","","","NA"
"2013-02-27 07:00","2013","02","27","07:00","1.6","","1.0","","96","","8","","42","","4.8","","99.48","","","","","","NA"
"2013-02-27 08:00","2013","02","27","08:00","1.2","","0.5","","95","","8","","35","","8.1","","99.49","","","","","","NA"
"2013-02-27 09:00","2013","02","27","09:00","1.1","","0.7","","97","","7","","41","","14.5","","99.47","","","","","","NA"
"2013-02-27 10:00","2013","02","27","10:00","1.0","","0.4","","96","","8","","33","","12.9","","99.46","","","","","","NA"
"2013-02-27 11:00","2013","02","27","11:00","1.3","","0.7","","96","","8","","37","","12.9","","99.42","","","","","","NA"
"2013-02-27 12:00","2013","02","27","12:00","1.7","","1.0","","95","","7","","26","","16.1","","99.41","","","","","","NA"
"2013-02-27 13:00","2013","02","27","13:00","1.7","","1.0","","95","","8","","28","","16.1","","99.36","","","","","","NA"
"2013-02-27 14:00","2013","02","27","14:00","1.9","","1.2","","95","","8","","18","","16.1","","99.32","","","","","","NA"
"2013-02-27 15:00","2013","02","27","15:00","2.0","","1.4","","96","","9","","15","","14.5","","99.32","","","","","","NA"
"2013-02-27 16:00","2013","02","27","16:00","1.7","","1.1","","96","","9","","11","","9.7","","99.34","","","","","","NA"
"2013-02-27 17:00","2013","02","27","17:00","1.4","","0.8","","96","","10","","9","","16.1","","99.34","","","","","","NA"
"2013-02-27 18:00","2013","02","27","18:00","1.3","","0.7","","96","","8","","15","","12.9","","99.39","","","","","","NA"
"2013-02-27 19:00","2013","02","27","19:00","0.9","","0.5","","97","","8","","13","","16.1","","99.41","","","","","","NA"
"2013-02-27 20:00","2013","02","27","20:00","0.9","","0.5","","97","","8","","15","","16.1","","99.36","","","","","","NA"
"2013-02-27 21:00","2013","02","27","21:00","0.7","","0.4","","98","","7","","17","","14.5","","99.31","","","","","","NA"
"2013-02-27 22:00","2013","02","27","22:00","0.4","","0.1","","98","","8","","9","","2.8","","99.30","","","","","","NA"
"2013-02-27 23:00","2013","02","27","23:00","0.2","","-0.1","","98","","7","","9","","2.0","","99.27","","","","","","NA"
"2013-02-28 00:00","2013","02","28","00:00","0.2","","0.1","","99","","8","","8","","2.0","","99.23","","","","","","NA"
"2013-02-28 01:00","2013","02","28","01:00","0.2","","0.1","","99","","9","","5","","2.4","","99.18","","","","","","NA"
"2013-02-28 02:00","2013","02","28","02:00","0.3","","0.2","","99","","23","","8","","2.0","","99.14","","","","","","NA"
"2013-02-28 03:00","2013","02","28","03:00","0.7","","0.6","","99","","23","","22","","4.0","","99.09","","","","","","NA"
"2013-02-28 04:00","2013","02","28","04:00","0.7","","0.6","","99","","24","","21","","3.2","","99.08","","","","","","NA"
"2013-02-28 05:00","2013","02","28","05:00","0.6","","0.4","","99","","25","","13","","3.6","","99.10","","","","","","NA"
"2013-02-28 06:00","2013","02","28","06:00","0.6","","0.3","","98","","27","","9","","4.8","","99.13","","","","","","NA"
"2013-02-28 07:00","2013","02","28","07:00","0.8","","0.5","","98","","26","","8","","6.4","","99.14","","","","","","NA"
"2013-02-28 08:00","2013","02","28","08:00","1.0","","0.4","","96","","25","","9","","8.1","","99.17","","","","","","NA"
"2013-02-28 09:00","2013","02","28","09:00","1.3","","0.6","","95","","30","","9","","9.7","","99.21","","","","","","NA"
"2013-02-28 10:00","2013","02","28","10:00","2.2","","0.1","","86","","33","","8","","16.1","","99.23","","","","","","NA"
"2013-02-28 11:00","2013","02","28","11:00","2.4","","-0.2","","83","","32","","8","","16.1","","99.25","","","","","","NA"
"2013-02-28 12:00","2013","02","28","12:00","2.9","","-0.2","","80","","35","","17","","16.1","","99.29","","","","","","NA"
"2013-02-28 13:00","2013","02","28","13:00","2.9","","-0.7","","77","","33","","17","","16.1","","99.30","","","","","","NA"
"2013-02-28 14:00","2013","02","28","14:00","3.4","","-1.3","","71","","36","","8","","16.1","","99.34","","","","","","NA"
"2013-02-28 15:00","2013","02","28","15:00","3.6","","-1.7","","68","","34","","13","","16.1","","99.38","","","","","","NA"
"2013-02-28 16:00","2013","02","28","16:00","3.9","","-1.6","","67","","36","","11","","16.1","","99.45","","","","","","NA"
"2013-02-28 17:00","2013","02","28","17:00","3.0","","0.0","","81","","31","","9","","16.1","","99.52","","","","","","NA"
"2013-02-28 18:00","2013","02","28","18:00","2.2","","0.4","","88","","33","","18","","16.1","","99.62","","","","","","NA"
"2013-02-28 19:00","2013","02","28","19:00","1.9","","-0.1","","87","","32","","18","","16.1","","99.71","","","","","","NA"
"2013-02-28 20:00","2013","02","28","20:00","1.7","","-1.4","","80","","33","","17","","16.1","","99.80","","","","","","NA"
"2013-02-28 21:00","2013","02","28","21:00","1.3","","-2.1","","78","","34","","24","","16.1","","99.85","","","","","","NA"
"2013-02-28 22:00","2013","02","28","22:00","1.1","","-2.7","","76","","33","","22","","16.1","","99.91","","","","","","NA"
"2013-02-28 23:00","2013","02","28","23:00","0.6","","-3.5","","74","","34","","22","","16.1","","99.94","","","","","","NA"
