"Station Name","TORONTO BUTTONVILLE A"
"Province","ONTARIO"
"Current Station Operator","NAV Canada"
"Latitude","43.86"
"Longitude","-79.37"
"Elevation","198.10"
"Climate Identifier","6158409"
"WMO Identifier",""
"TC Identifier","YKZ"
"All times are specified in Local Standard Time (LST). Add 1 hour to adjust for Daylight Saving Time where and when it is observed."

"Legend"
"E","Estimated"
"M","Missing"
"NA","Not Available"

"Date/Time","Year","Month","Day","Time","Temp (°C)","Temp Flag","Dew Point Temp (°C)","Dew Point Temp Flag","Rel Hum (%)","Rel Hum Flag","Wind Dir (10s deg)","Wind Dir Flag","Wind Spd (km/h)","Wind Spd Flag","Visibility (km)","Visibility Flag","Stn Press (kPa)","Stn Press Flag","Hmdx","Hmdx Flag","Wind Chill","Wind Chill Flag","Weather"
"2019-03-01 00:00","2019","03","01","00:00","-11.1","","-13.4","","83","","35","","2","","","M","99.95","","","","-12","","NA"
"2019-03-01 01:00","2019","03","01","01:00","-11.0","","-13.2","","84","","36","","3","","","M","99.95","","","","-13","","NA"
"2019-03-01 02:00","2019","03","01","02:00","-11.7","","-13.7","","85","","35","","3","","","M","99.96","","","","-14","","NA"
"2019-03-01 03:00","2019","03","01","03:00","-12.4","","-14.2","","87","","35","","7","","","M","99.92","","","","-17","","NA"
"2019-03-01 04:00","2019","03","01","04:00","-12.9","","-14.7","","86","","34","","7","","","M","99.94","","","","-17","","NA"
"2019-03-01 05:00","2019","03","01","05:00","-13.1","","-14.8","","87","","34","","5","","","M","99.94","","","","-16","","NA"
"2019-03-01 06:00","2019","03","01","06:00","-13.4","","-15.2","","86","","34","","6","","","M","99.99","","","","-17","","NA"
"2019-03-01 07:00","2019","03","01","07:00","-13.0","","-14.9","","86","","34","","3","","","M","100.04","","","","-15","","NA"
"2019-03-01 08:00","2019","03","01","08:00","-10.5","","-12.2","","87","","33","","5","","","M","100.04","","","","-14","","NA"
"2019-03-01 09:00","2019","03","01","09:00","-7.8","","-10.1","","83","","1","","5","","","M","100.09","","","","-10","","NA"
"2019-03-01 10:00","2019","03","01","10:00","-5.0","","-8.8","","75","","5","","2","","","M","100.04","","","","-6","","NA"
"2019-03-01 11:00","2019","03","01","11:00","-3.1","","-8.8","","65","","18","","3","","","M","100.05","","","","-4","","NA"
"2019-03-01 12:00","2019","03","01","12:00","-2.3","","-10.0","","56","","17","","4","","","M","100.03","","","","-4","","NA"
"2019-03-01 13:00","2019","03","01","13:00","-1.8","","-9.0","","58","","13","","6","","","M","99.99","","","","-4","","NA"
"2019-03-01 14:00","2019","03","01","14:00","-1.1","","-9.3","","54","","11","","2","","","M","99.90","","","","-2","","NA"
"2019-03-01 15:00","2019","03","01","15:00","-0.9","","-8.6","","56","","13","","13","","","M","99.84","","","","-5","","NA"
"2019-03-01 16:00","2019","03","01","16:00","-1.9","","-7.4","","66","","12","","17","","","M","99.85","","","","-7","","NA"
"2019-03-01 17:00","2019","03","01","17:00","-2.5","","-7.5","","68","","11","","11","","","M","99.87","","","","-7","","NA"
"2019-03-01 18:00","2019","03","01","18:00","-3.2","","-7.9","","70","","11","","8","","","M","99.85","","","","-6","","NA"
"2019-03-01 19:00","2019","03","01","19:00","-3.6","","-7.9","","72","","8","","5","","","M","99.86","","","","-6","","NA"
"2019-03-01 20:00","2019","03","01","20:00","-4.0","","-7.8","","75","","7","","4","","","M","99.86","","","","-6","","NA"
"2019-03-01 21:00","2019","03","01","21:00","-5.8","","-8.5","","81","","2","","5","","","M","99.84","","","","-8","","NA"
"2019-03-01 22:00","2019","03","01","22:00","-6.4","","-8.8","","83","","36","","6","","","M","99.81","","","","-9","","NA"
"2019-03-01 23:00","2019","03","01","23:00","-6.3","","-8.7","","83","","35","","4","","","M","99.79","","","","-8","","NA"
"2019-03-02 00:00","2019","03","02","00:00","-6.7","","-8.9","","85","","4","","3","","","M","99.73","","","","-8","","NA"
"2019-03-02 01:00","2019","03","02","01:00","-6.5","","-8.9","","83","","36","","7","","","M","99.69","","","","-10","","NA"
"2019-03-02 02:00","2019","03","02","02:00","-6.4","","-9.6","","78","","1","","9","","","M","99.62","","","","-11","","NA"
"2019-03-02 03:00","2019","03","02","03:00","-5.6","","-9.1","","77","","1","","5","","","M","99.61","","","","-8","","NA"
"2019-03-02 04:00","2019","03","02","04:00","-4.6","","-9.4","","70","","36","","5","","","M","99.56","","","","-7","","NA"
"2019-03-02 05:00","2019","03","02","05:00","-4.5","","-9.9","","66","","3","","3","","","M","99.51","","","","-6","","NA"
"2019-03-02 06:00","2019","03","02","06:00","-4.4","","-9.6","","67","","2","","7","","","M","99.47","","","","-8","","NA"
"2019-03-02 07:00","2019","03","02","07:00","-4.3","","-9.9","","65","","36","","7","","","M","99.46","","","","-7","","NA"
"2019-03-02 08:00","2019","03","02","08:00","-4.2","","-9.4","","67","","34","","8","","","M","99.49","","","","-8","","NA"
"2019-03-02 09:00","2019","03","02","09:00","-3.3","","-8.6","","67","","34","","9","","","M","99.52","","","","-7","","NA"
"2019-03-02 10:00","2019","03","02","10:00","-2.3","","-8.6","","62","","34","","6","","","M","99.52","","","","-5","","NA"
"2019-03-02 11:00","2019","03","02","11:00","-3.5","","-6.6","","80","","32","","1","","","M","99.54","","","","-4","","NA"
"2019-03-02 12:00","2019","03","02","12:00","-3.3","","-4.7","","90","","11","","2","","","M","99.46","","","","-4","","NA"
"2019-03-02 13:00","2019","03","02","13:00","-2.6","","-4.7","","85","","2","","3","","","M","99.37","","","","-4","","NA"
"2019-03-02 14:00","2019","03","02","14:00","-2.3","","-3.9","","89","","35","","7","","","M","99.35","","","","-5","","NA"
"2019-03-02 15:00","2019","03","02","15:00","-1.7","","-3.9","","85","","33","","8","","","M","99.37","","","","-5","","NA"
"2019-03-02 16:00","2019","03","02","16:00","-1.6","","-4.5","","80","","31","","10","","","M","99.42","","","","-5","","NA"
"2019-03-02 17:00","2019","03","02","17:00","-1.8","","-4.6","","82","","32","","9","","","M","99.48","","","","-5","","NA"
"2019-03-02 18:00","2019","03","02","18:00","-2.0","","-5.0","","80","","31","","13","","","M","99.54","","","","-6","","NA"
"2019-03-02 19:00","2019","03","02","19:00","-2.4","","-5.0","","83","","32","","16","","","M","99.59","","","","-8","","NA"
"2019-03-02 20:00","2019","03","02","20:00","-3.1","","-6.0","","81","","32","","22","","","M","99.62","","","","-9","","NA"
"2019-03-02 21:00","2019","03","02","21:00","-4.0","","-6.8","","81","","30","","10","","","M","99.67","","","","-8","","NA"
"2019-03-02 22:00","2019","03","02","22:00","-5.1","","-7.4","","84","","32","","11","","","M","99.67","","","","-10","","NA"
"2019-03-02 23:00","2019","03","02","23:00","-5.7","","-7.4","","87","","32","","3","","","M","99.63","","","","-7","","NA"
"2019-03-03 00:00","2019","03","03","00:00","-4.3","","-6.8","","83","","27","","7","","","M","99.62","","","","-7","","NA"
"2019-03-03 01:00","2019","03","03","01:00","-4.3","","-9.0","","70","","29","","10","","","M","99.68","","","","-8","","NA"
"2019-03-03 02:00","2019","03","03","02:00","-5.2","","-10.1","","69","","29","","10","","","M","99.68","","","","-10","","NA"
"2019-03-03 03:00","2019","03","03","03:00","-5.8","","-10.5","","70","","28","","8","","","M","99.67","","","","-10","","NA"
"2019-03-03 04:00","2019","03","03","04:00","-5.7","","-10.7","","68","","30","","6","","","M","99.62","","","","-9","","NA"
"2019-03-03 05:00","2019","03","03","05:00","-5.5","","-10.6","","67","","33","","19","","","M","99.65","","","","-12","","NA"
"2019-03-03 06:00","2019","03","03","06:00","-6.6","","-11.5","","69","","31","","10","","","M","99.73","","","","-11","","NA"
"2019-03-03 07:00","2019","03","03","07:00","-6.7","","-11.9","","67","","31","","8","","","M","99.73","","","","-11","","NA"
"2019-03-03 08:00","2019","03","03","08:00","-6.7","","-12.3","","65","","31","","8","","","M","99.72","","","","-11","","NA"
"2019-03-03 09:00","2019","03","03","09:00","-6.0","","-12.9","","59","","30","","7","","","M","99.73","","","","-9","","NA"
"2019-03-03 10:00","2019","03","03","10:00","-4.6","","-13.9","","48","","27","","4","","","M","99.66","","","","-6","","NA"
"2019-03-03 11:00","2019","03","03","11:00","-3.0","","-12.4","","49","","22","","9","","","M","99.61","","","","-7","","NA"
"2019-03-03 12:00","2019","03","03","12:00","-2.8","","-10.8","","54","","22","","10","","","M","99.49","","","","-7","","NA"
"2019-03-03 13:00","2019","03","03","13:00","-1.8","","-10.0","","54","","23","","9","","","M","99.33","","","","-5","","NA"
"2019-03-03 14:00","2019","03","03","14:00","-1.9","","-10.0","","54","","25","","6","","","M","99.26","","","","-4","","NA"
"2019-03-03 15:00","2019","03","03","15:00","-2.6","","-8.7","","63","","19","","13","","","M","99.17","","","","-7","","NA"
"2019-03-03 16:00","2019","03","03","16:00","-2.5","","-9.1","","61","","18","","13","","","M","99.16","","","","-7","","NA"
"2019-03-03 17:00","2019","03","03","17:00","-3.0","","-7.9","","69","","22","","11","","","M","99.16","","","","-7","","NA"
"2019-03-03 18:00","2019","03","03","18:00","-4.1","","-6.2","","86","","18","","12","","","M","99.13","","","","-9","","NA"
"2019-03-03 19:00","2019","03","03","19:00","-4.1","","-5.8","","88","","22","","9","","","M","99.07","","","","-8","","NA"
"2019-03-03 20:00","2019","03","03","20:00","-4.3","","-6.6","","84","","26","","8","","","M","99.08","","","","-8","","NA"
"2019-03-03 21:00","2019","03","03","21:00","-5.5","","-9.1","","76","","33","","22","","","M","99.08","","","","-13","","NA"
"2019-03-03 22:00","2019","03","03","22:00","-8.2","","-10.8","","82","","34","","14","","","M","99.09","","","","-14","","NA"
"2019-03-03 23:00","2019","03","03","23:00","-8.1","","-10.9","","80","","35","","18","","","M","99.11","","","","-15","","NA"
"2019-03-04 00:00","2019","03","04","00:00","-9.1","","-12.2","","78","","35","","20","","","M","99.11","","","","-17","","NA"
"2019-03-04 01:00","2019","03","04","01:00","-10.1","","-13.6","","76","","35","","20","","","M","99.10","","","","-18","","NA"
"2019-03-04 02:00","2019","03","04","02:00","-11.0","","-14.6","","75","","35","","14","","","M","99.11","","","","-18","","NA"
"2019-03-04 03:00","2019","03","04","03:00","-11.5","","-15.3","","74","","33","","13","","","M","99.06","","","","-18","","NA"
"2019-03-04 04:00","2019","03","04","04:00","-12.9","","-16.3","","76","","35","","11","","","M","99.05","","","","-19","","NA"
"2019-03-04 05:00","2019","03","04","05:00","-13.5","","-16.2","","80","","34","","8","","","M","99.09","","","","-19","","NA"
"2019-03-04 06:00","2019","03","04","06:00","-14.3","","-17.0","","80","","30","","5","","","M","99.11","","","","-18","","NA"
"2019-03-04 07:00","2019","03","04","07:00","-14.1","","-16.6","","81","","26","","7","","","M","99.10","","","","-19","","NA"
"2019-03-04 08:00","2019","03","04","08:00","-12.9","","-16.1","","77","","29","","7","","","M","99.16","","","","-17","","NA"
"2019-03-04 09:00","2019","03","04","09:00","-11.3","","-15.9","","69","","31","","10","","","M","99.19","","","","-17","","NA"
"2019-03-04 10:00","2019","03","04","10:00","-10.8","","-16.5","","63","","32","","11","","","M","99.17","","","","-17","","NA"
"2019-03-04 11:00","2019","03","04","11:00","-9.7","","-16.3","","59","","33","","13","","","M","99.14","","","","-16","","NA"
"2019-03-04 12:00","2019","03","04","12:00","-8.9","","-16.1","","57","","25","","12","","","M","99.08","","","","-15","","NA"
"2019-03-04 13:00","2019","03","04","13:00","-8.5","","-14.3","","63","","18","","16","","","M","99.01","","","","-15","","NA"
"2019-03-04 14:00","2019","03","04","14:00","-8.2","","-16.7","","51","","24","","22","","","M","98.99","","","","-16","","NA"
"2019-03-04 15:00","2019","03","04","15:00","-8.9","","-19.9","","41","","26","","22","","","M","98.99","","","","-17","","NA"
"2019-03-04 16:00","2019","03","04","16:00","-9.3","","-19.8","","43","","27","","27","","","M","99.04","","","","-18","","NA"
"2019-03-04 17:00","2019","03","04","17:00","-9.8","","-19.7","","45","","28","","21","","","M","99.05","","","","-18","","NA"
"2019-03-04 18:00","2019","03","04","18:00","-10.6","","-19.6","","48","","27","","17","","","M","99.08","","","","-18","","NA"
"2019-03-04 19:00","2019","03","04","19:00","-10.8","","-18.1","","56","","28","","10","","","M","99.13","","","","-16","","NA"
"2019-03-04 20:00","2019","03","04","20:00","-11.2","","-17.8","","59","","25","","10","","","M","99.15","","","","-17","","NA"
"2019-03-04 21:00","2019","03","04","21:00","-11.8","","-17.5","","63","","25","","10","","","M","99.17","","","","-17","","NA"
"2019-03-04 22:00","2019","03","04","22:00","-12.6","","-17.6","","67","","26","","10","","","M","99.18","","","","-18","","NA"
"2019-03-04 23:00","2019","03","04","23:00","-13.0","","-17.8","","68","","27","","13","","","M","99.17","","","","-20","","NA"
"2019-03-05 00:00","2019","03","05","00:00","-13.6","","-17.9","","71","","27","","11","","","M","99.15","","","","-20","","NA"
"2019-03-05 01:00","2019","03","05","01:00","-14.2","","-17.7","","75","","27","","8","","","M","99.14","","","","-19","","NA"
"2019-03-05 02:00","2019","03","05","02:00","-14.3","","-18.5","","71","","25","","13","","","M","99.14","","","","-21","","NA"
"2019-03-05 03:00","2019","03","05","03:00","-14.4","","-19.2","","67","","26","","16","","","M","99.11","","","","-22","","NA"
"2019-03-05 04:00","2019","03","05","04:00","-14.4","","-19.2","","67","","26","","16","","","M","99.06","","","","-22","","NA"
"2019-03-05 05:00","2019","03","05","05:00","-14.4","","-19.3","","67","","24","","14","","","M","99.07","","","","-22","","NA"
"2019-03-05 06:00","2019","03","05","06:00","-14.0","","-18.9","","67","","22","","12","","","M","99.07","","","","-21","","NA"
"2019-03-05 07:00","2019","03","05","07:00","-13.8","","-18.6","","68","","23","","13","","","M","99.05","","","","-21","","NA"
"2019-03-05 08:00","2019","03","05","08:00","-13.0","","-17.4","","70","","25","","9","","","M","98.98","","","","-18","","NA"
"2019-03-05 09:00","2019","03","05","09:00","-11.8","","-17.0","","66","","23","","18","","","M","98.99","","","","-20","","NA"
"2019-03-05 10:00","2019","03","05","10:00","-10.6","","-16.5","","62","","23","","16","","","M","98.94","","","","-18","","NA"
"2019-03-05 11:00","2019","03","05","11:00","-10.0","","-16.0","","62","","21","","22","","","M","98.89","","","","-18","","NA"
"2019-03-05 12:00","2019","03","05","12:00","-10.0","","-15.0","","67","","25","","19","","","M","98.88","","","","-18","","NA"
"2019-03-05 13:00","2019","03","05","13:00","-8.7","","-17.0","","52","","23","","22","","","M","98.83","","","","-17","","NA"
"2019-03-05 14:00","2019","03","05","14:00","-9.0","","-16.4","","55","","26","","18","","","M","98.84","","","","-16","","NA"
"2019-03-05 15:00","2019","03","05","15:00","-8.6","","-16.1","","55","","26","","17","","","M","98.87","","","","-15","","NA"
"2019-03-05 16:00","2019","03","05","16:00","-9.2","","-17.0","","54","","27","","24","","","M","98.92","","","","-18","","NA"
"2019-03-05 17:00","2019","03","05","17:00","-9.3","","-19.7","","43","","26","","25","","","M","98.95","","","","-18","","NA"
"2019-03-05 18:00","2019","03","05","18:00","-10.4","","-18.0","","54","","29","","20","","","M","99.04","","","","-18","","NA"
"2019-03-05 19:00","2019","03","05","19:00","-11.1","","-18.2","","56","","27","","12","","","M","99.13","","","","-17","","NA"
"2019-03-05 20:00","2019","03","05","20:00","-11.7","","-18.2","","59","","26","","12","","","M","99.17","","","","-18","","NA"
"2019-03-05 21:00","2019","03","05","21:00","-12.1","","-18.2","","61","","25","","10","","","M","99.20","","","","-18","","NA"
"2019-03-05 22:00","2019","03","05","22:00","-11.9","","-18.2","","60","","25","","11","","","M","99.20","","","","-18","","NA"
"2019-03-05 23:00","2019","03","05","23:00","-12.3","","-17.5","","66","","26","","16","","","M","99.20","","","","-20","","NA"
"2019-03-06 00:00","2019","03","06","00:00","-12.5","","-17.4","","67","","25","","12","","","M","99.18","","","","-19","","NA"
"2019-03-06 01:00","2019","03","06","01:00","-12.4","","-17.0","","69","","27","","4","","","M","99.21","","","","-15","","NA"
"2019-03-06 02:00","2019","03","06","02:00","-12.6","","-16.8","","72","","28","","7","","","M","99.23","","","","-17","","NA"
"2019-03-06 03:00","2019","03","06","03:00","-12.8","","-16.1","","77","","27","","10","","","M","99.22","","","","-19","","NA"
"2019-03-06 04:00","2019","03","06","04:00","-12.9","","-15.5","","81","","30","","9","","","M","99.27","","","","-18","","NA"
"2019-03-06 05:00","2019","03","06","05:00","-12.4","","-16.4","","73","","32","","16","","","M","99.35","","","","-20","","NA"
"2019-03-06 06:00","2019","03","06","06:00","-13.2","","-18.8","","63","","32","","10","","","M","99.43","","","","-19","","NA"
"2019-03-06 07:00","2019","03","06","07:00","-13.7","","-19.3","","63","","30","","11","","","M","99.50","","","","-20","","NA"
"2019-03-06 08:00","2019","03","06","08:00","-12.8","","-18.6","","62","","29","","11","","","M","99.57","","","","-19","","NA"
"2019-03-06 09:00","2019","03","06","09:00","-11.7","","-19.2","","54","","27","","13","","","M","99.63","","","","-18","","NA"
"2019-03-06 10:00","2019","03","06","10:00","-10.6","","-19.0","","51","","31","","17","","","M","99.65","","","","-18","","NA"
"2019-03-06 11:00","2019","03","06","11:00","-10.3","","-18.4","","52","","28","","18","","","M","99.70","","","","-18","","NA"
"2019-03-06 12:00","2019","03","06","12:00","-9.7","","-17.7","","53","","28","","19","","","M","99.73","","","","-17","","NA"
"2019-03-06 13:00","2019","03","06","13:00","-9.8","","-17.0","","56","","26","","18","","","M","99.72","","","","-17","","NA"
"2019-03-06 14:00","2019","03","06","14:00","-9.6","","-17.4","","53","","24","","28","","","M","99.68","","","","-19","","NA"
"2019-03-06 15:00","2019","03","06","15:00","-9.2","","-19.2","","44","","26","","21","","","M","99.69","","","","-17","","NA"
"2019-03-06 16:00","2019","03","06","16:00","-9.1","","-19.8","","42","","28","","23","","","M","99.72","","","","-17","","NA"
"2019-03-06 17:00","2019","03","06","17:00","-10.1","","-20.8","","42","","26","","25","","","M","99.73","","","","-19","","NA"
"2019-03-06 18:00","2019","03","06","18:00","-11.1","","-20.8","","45","","29","","19","","","M","99.76","","","","-19","","NA"
"2019-03-06 19:00","2019","03","06","19:00","-11.6","","-20.2","","50","","27","","12","","","M","99.82","","","","-18","","NA"
"2019-03-06 20:00","2019","03","06","20:00","-12.1","","-19.5","","55","","23","","9","","","M","99.80","","","","-17","","NA"
"2019-03-06 21:00","2019","03","06","21:00","-12.3","","-19.0","","58","","23","","7","","","M","99.79","","","","-17","","NA"
"2019-03-06 22:00","2019","03","06","22:00","-11.5","","-17.7","","61","","24","","8","","","M","99.76","","","","-16","","NA"
"2019-03-06 23:00","2019","03","06","23:00","-10.8","","-17.1","","60","","24","","12","","","M","99.73","","","","-17","","NA"
"2019-03-07 00:00","2019","03","07","00:00","-11.0","","-16.2","","66","","23","","12","","","M","99.67","","","","-17","","NA"
"2019-03-07 01:00","2019","03","07","01:00","-11.1","","-15.3","","72","","24","","10","","","M","99.64","","","","-17","","NA"
"2019-03-07 02:00","2019","03","07","02:00","-10.9","","-14.7","","74","","23","","12","","","M","99.62","","","","-17","","NA"
"2019-03-07 03:00","2019","03","07","03:00","-10.9","","-14.2","","77","","25","","12","","","M","99.59","","","","-17","","NA"
"2019-03-07 04:00","2019","03","07","04:00","-11.7","","-14.5","","80","","28","","10","","","M","99.64","","","","-17","","NA"
"2019-03-07 05:00","2019","03","07","05:00","-12.2","","-15.2","","79","","31","","9","","","M","99.70","","","","-17","","NA"
"2019-03-07 06:00","2019","03","07","06:00","-11.9","","-15.6","","74","","32","","12","","","M","99.77","","","","-18","","NA"
"2019-03-07 07:00","2019","03","07","07:00","-12.4","","-15.7","","77","","31","","7","","","M","99.83","","","","-17","","NA"
"2019-03-07 08:00","2019","03","07","08:00","-11.3","","-15.1","","74","","31","","9","","","M","99.95","","","","-16","","NA"
"2019-03-07 09:00","2019","03","07","09:00","-10.4","","-15.8","","65","","29","","15","","","M","100.03","","","","-17","","NA"
"2019-03-07 10:00","2019","03","07","10:00","-9.5","","-19.6","","44","","31","","15","","","M","100.07","","","","-16","","NA"
"2019-03-07 11:00","2019","03","07","11:00","-8.2","","-19.0","","42","","27","","17","","","M","100.12","","","","-15","","NA"
"2019-03-07 12:00","2019","03","07","12:00","-7.5","","-17.6","","45","","26","","10","","","M","100.15","","","","-12","","NA"
"2019-03-07 13:00","2019","03","07","13:00","-6.6","","-16.7","","45","","27","","19","","","M","100.14","","","","-13","","NA"
"2019-03-07 14:00","2019","03","07","14:00","-6.2","","-16.2","","46","","28","","18","","","M","100.12","","","","-13","","NA"
"2019-03-07 15:00","2019","03","07","15:00","-5.9","","-15.9","","45","","27","","18","","","M","100.11","","","","-12","","NA"
"2019-03-07 16:00","2019","03","07","16:00","-5.8","","-16.8","","42","","28","","23","","","M","100.14","","","","-13","","NA"
"2019-03-07 17:00","2019","03","07","17:00","-6.7","","-16.0","","48","","30","","19","","","M","100.15","","","","-14","","NA"
"2019-03-07 18:00","2019","03","07","18:00","-7.9","","-16.8","","49","","28","","15","","","M","100.18","","","","-14","","NA"
"2019-03-07 19:00","2019","03","07","19:00","-8.6","","-15.9","","56","","28","","14","","","M","100.22","","","","-15","","NA"
"2019-03-07 20:00","2019","03","07","20:00","-9.2","","-15.9","","58","","27","","13","","","M","100.24","","","","-15","","NA"
"2019-03-07 21:00","2019","03","07","21:00","-10.1","","-16.5","","60","","27","","9","","","M","100.27","","","","-15","","NA"
"2019-03-07 22:00","2019","03","07","22:00","-10.7","","-16.6","","62","","27","","8","","","M","100.29","","","","-15","","NA"
"2019-03-07 23:00","2019","03","07","23:00","-11.3","","-16.5","","66","","25","","4","","","M","100.28","","","","-14","","NA"
"2019-03-08 00:00","2019","03","08","00:00","-12.1","","-17.0","","67","","25","","6","","","M","100.25","","","","-16","","NA"
"2019-03-08 01:00","2019","03","08","01:00","-12.5","","-17.0","","70","","24","","5","","","M","100.21","","","","-16","","NA"
"2019-03-08 02:00","2019","03","08","02:00","-12.7","","-17.1","","70","","24","","4","","","M","100.26","","","","-15","","NA"
"2019-03-08 03:00","2019","03","08","03:00","-12.7","","-16.9","","71","","23","","7","","","M","100.22","","","","-17","","NA"
"2019-03-08 04:00","2019","03","08","04:00","-12.9","","-17.0","","72","","23","","3","","","M","100.19","","","","-15","","NA"
"2019-03-08 05:00","2019","03","08","05:00","-13.8","","-17.1","","76","","31","","1","","","M","100.21","","","","-14","","NA"
"2019-03-08 06:00","2019","03","08","06:00","-13.5","","-17.1","","75","","30","","4","","","M","100.19","","","","-16","","NA"
"2019-03-08 07:00","2019","03","08","07:00","-15.1","","-18.2","","77","","0","","1","","","M","100.20","","","","-16","","NA"
"2019-03-08 08:00","2019","03","08","08:00","-11.5","","-16.1","","70","","23","","6","","","M","100.24","","","","-15","","NA"
"2019-03-08 09:00","2019","03","08","09:00","-8.5","","-14.0","","64","","23","","10","","","M","100.20","","","","-13","","NA"
"2019-03-08 10:00","2019","03","08","10:00","-6.3","","-13.1","","59","","25","","12","","","M","100.19","","","","-11","","NA"
"2019-03-08 11:00","2019","03","08","11:00","-4.7","","-12.2","","56","","25","","8","","","M","100.13","","","","-8","","NA"
"2019-03-08 12:00","2019","03","08","12:00","-3.5","","-12.1","","52","","25","","9","","","M","100.05","","","","-7","","NA"
"2019-03-08 13:00","2019","03","08","13:00","-3.2","","-12.2","","50","","28","","9","","","M","99.99","","","","-7","","NA"
"2019-03-08 14:00","2019","03","08","14:00","-2.1","","-12.5","","45","","22","","15","","","M","99.87","","","","-7","","NA"
"2019-03-08 15:00","2019","03","08","15:00","-1.8","","-12.8","","43","","21","","9","","","M","99.79","","","","-5","","NA"
"2019-03-08 16:00","2019","03","08","16:00","-1.3","","-11.8","","45","","20","","9","","","M","99.74","","","","-5","","NA"
"2019-03-08 17:00","2019","03","08","17:00","-1.3","","-11.0","","48","","22","","10","","","M","99.71","","","","-5","","NA"
"2019-03-08 18:00","2019","03","08","18:00","-2.9","","-10.5","","56","","19","","10","","","M","99.69","","","","-7","","NA"
"2019-03-08 19:00","2019","03","08","19:00","-3.8","","-10.3","","61","","18","","9","","","M","99.72","","","","-8","","NA"
"2019-03-08 20:00","2019","03","08","20:00","-4.1","","-9.9","","64","","22","","4","","","M","99.76","","","","-6","","NA"
"2019-03-08 21:00","2019","03","08","21:00","-4.8","","-12.8","","54","","27","","4","","","M","99.77","","","","-7","","NA"
"2019-03-08 22:00","2019","03","08","22:00","-4.8","","-12.1","","57","","27","","8","","","M","99.80","","","","-8","","NA"
"2019-03-08 23:00","2019","03","08","23:00","-5.6","","-12.2","","60","","28","","5","","","M","99.81","","","","-8","","NA"
"2019-03-09 00:00","2019","03","09","00:00","-6.3","","-12.2","","63","","32","","5","","","M","99.84","","","","-9","","NA"
"2019-03-09 01:00","2019","03","09","01:00","-8.8","","-12.9","","72","","22","","3","","","M","99.87","","","","-10","","NA"
"2019-03-09 02:00","2019","03","09","02:00","-9.1","","-13.0","","74","","22","","4","","","M","99.94","","","","-11","","NA"
"2019-03-09 03:00","2019","03","09","03:00","-10.4","","-13.8","","77","","36","","4","","","M","99.93","","","","-13","","NA"
"2019-03-09 04:00","2019","03","09","04:00","-10.8","","-13.5","","81","","34","","4","","","M","99.98","","","","-13","","NA"
"2019-03-09 05:00","2019","03","09","05:00","-12.5","","-15.1","","81","","34","","4","","","M","100.03","","","","-15","","NA"
"2019-03-09 06:00","2019","03","09","06:00","-11.8","","-14.3","","81","","34","","6","","","M","100.11","","","","-16","","NA"
"2019-03-09 07:00","2019","03","09","07:00","-11.9","","-14.6","","80","","34","","5","","","M","100.17","","","","-15","","NA"
"2019-03-09 08:00","2019","03","09","08:00","-10.0","","-13.8","","74","","3","","4","","","M","100.23","","","","-12","","NA"
"2019-03-09 09:00","2019","03","09","09:00","-5.7","","-11.7","","63","","15","","1","","","M","100.25","","","","-6","","NA"
"2019-03-09 10:00","2019","03","09","10:00","-2.7","","-9.8","","58","","12","","8","","","M","100.25","","","","-6","","NA"
"2019-03-09 11:00","2019","03","09","11:00","-1.4","","-10.3","","51","","12","","14","","","M","100.15","","","","-6","","NA"
"2019-03-09 12:00","2019","03","09","12:00","-0.8","","-10.5","","48","","16","","15","","","M","100.23","","","","-5","","NA"
"2019-03-09 13:00","2019","03","09","13:00","-0.5","","-7.6","","59","","12","","18","","","M","100.20","","","","-6","","NA"
"2019-03-09 14:00","2019","03","09","14:00","-0.7","","-9.1","","53","","11","","21","","","M","100.00","","","","-6","","NA"
"2019-03-09 15:00","2019","03","09","15:00","-0.4","","-9.1","","52","","9","","19","","","M","100.04","","","","-6","","NA"
"2019-03-09 16:00","2019","03","09","16:00","-0.4","","-9.3","","51","","9","","21","","","M","99.97","","","","-6","","NA"
"2019-03-09 17:00","2019","03","09","17:00","-1.4","","-9.4","","54","","10","","20","","","M","99.85","","","","-7","","NA"
"2019-03-09 18:00","2019","03","09","18:00","-1.9","","-10.4","","53","","8","","21","","","M","99.66","","","","-8","","NA"
"2019-03-09 19:00","2019","03","09","19:00","-1.8","","-8.3","","61","","9","","27","","","M","99.62","","","","-8","","NA"
"2019-03-09 20:00","2019","03","09","20:00","-1.4","","-8.7","","58","","9","","26","","","M","99.45","","","","-8","","NA"
"2019-03-09 21:00","2019","03","09","21:00","-1.1","","-7.6","","61","","10","","27","","","M","99.28","","","","-8","","NA"
"2019-03-09 22:00","2019","03","09","22:00","-0.5","","-7.5","","60","","10","","37","","","M","99.11","","","","-8","","NA"
"2019-03-09 23:00","2019","03","09","23:00","-0.1","","-7.8","","57","","11","","36","","","M","99.01","","","","-7","","NA"
"2019-03-10 00:00","2019","03","10","00:00","0.1","","-6.8","","60","","11","","28","","","M","98.66","","","","","","NA"
"2019-03-10 01:00","2019","03","10","01:00","0.1","","-4.3","","72","","10","","39","","","M","98.42","","","","","","NA"
"2019-03-10 02:00","2019","03","10","02:00","0.4","","-2.5","","81","","11","","32","","","M","98.30","","","","","","NA"
"2019-03-10 03:00","2019","03","10","03:00","0.4","","-0.9","","91","","10","","32","","","M","98.19","","","","","","NA"
"2019-03-10 04:00","2019","03","10","04:00","1.0","","0.2","","95","","10","","23","","","M","98.05","","","","","","NA"
"2019-03-10 05:00","2019","03","10","05:00","1.4","","0.8","","96","","13","","16","","","M","98.01","","","","","","NA"
"2019-03-10 06:00","2019","03","10","06:00","1.8","","1.3","","96","","11","","24","","","M","97.93","","","","","","NA"
"2019-03-10 07:00","2019","03","10","07:00","2.1","","1.5","","96","","14","","15","","","M","97.87","","","","","","NA"
"2019-03-10 08:00","2019","03","10","08:00","2.4","","2.0","","97","","14","","13","","","M","97.82","","","","","","NA"
"2019-03-10 09:00","2019","03","10","09:00","4.3","","3.9","","97","","18","","22","","","M","97.77","","","","","","NA"
"2019-03-10 10:00","2019","03","10","10:00","4.8","","3.7","","93","","22","","18","","","M","97.79","","","","","","NA"
"2019-03-10 11:00","2019","03","10","11:00","5.2","","1.5","","77","","22","","24","","","M","97.87","","","","","","NA"
"2019-03-10 12:00","2019","03","10","12:00","4.3","","1.1","","80","","23","","29","","","M","97.94","","","","","","NA"
"2019-03-10 13:00","2019","03","10","13:00","3.3","","0.9","","84","","21","","22","","","M","98.03","","","","","","NA"
"2019-03-10 14:00","2019","03","10","14:00","3.2","","0.4","","82","","21","","19","","","M","98.08","","","","","","NA"
"2019-03-10 15:00","2019","03","10","15:00","2.3","","0.8","","90","","21","","18","","","M","98.15","","","","","","NA"
"2019-03-10 16:00","2019","03","10","16:00","1.9","","0.8","","92","","23","","15","","","M","98.26","","","","","","NA"
"2019-03-10 17:00","2019","03","10","17:00","1.8","","0.9","","93","","23","","14","","","M","98.38","","","","","","NA"
"2019-03-10 18:00","2019","03","10","18:00","3.0","","-1.1","","74","","25","","31","","","M","98.47","","","","","","NA"
"2019-03-10 19:00","2019","03","10","19:00","2.5","","-1.2","","77","","26","","29","","","M","98.58","","","","","","NA"
"2019-03-10 20:00","2019","03","10","20:00","1.5","","0.2","","91","","24","","20","","","M","98.68","","","","","","NA"
"2019-03-10 21:00","2019","03","10","21:00","1.5","","0.3","","92","","26","","17","","","M","98.74","","","","","","NA"
"2019-03-10 22:00","2019","03","10","22:00","2.3","","-2.2","","73","","27","","23","","","M","98.82","","","","","","NA"
"2019-03-10 23:00","2019","03","10","23:00","2.2","","-2.3","","72","","26","","16","","","M","98.88","","","","","","NA"
"2019-03-11 00:00","2019","03","11","00:00","2.2","","-1.7","","76","","25","","16","","","M","98.89","","","","","","NA"
"2019-03-11 01:00","2019","03","11","01:00","2.3","","-2.0","","73","","25","","16","","","M","98.89","","","","","","NA"
"2019-03-11 02:00","2019","03","11","02:00","2.1","","-1.8","","76","","24","","19","","","M","98.94","","","","","","NA"
"2019-03-11 03:00","2019","03","11","03:00","2.1","","-2.5","","72","","24","","19","","","M","98.93","","","","","","NA"
"2019-03-11 04:00","2019","03","11","04:00","1.8","","-3.5","","68","","26","","30","","","M","98.94","","","","","","NA"
"2019-03-11 05:00","2019","03","11","05:00","1.6","","-3.9","","67","","26","","28","","","M","99.02","","","","","","NA"
"2019-03-11 06:00","2019","03","11","06:00","1.1","","-4.6","","66","","27","","21","","","M","99.11","","","","","","NA"
"2019-03-11 07:00","2019","03","11","07:00","1.0","","-4.9","","65","","26","","18","","","M","99.17","","","","","","NA"
"2019-03-11 08:00","2019","03","11","08:00","1.0","","-5.3","","63","","28","","21","","","M","99.26","","","","","","NA"
"2019-03-11 09:00","2019","03","11","09:00","1.0","","-5.5","","62","","28","","21","","","M","99.35","","","","","","NA"
"2019-03-11 10:00","2019","03","11","10:00","1.0","","-5.4","","62","","27","","19","","","M","99.37","","","","","","NA"
"2019-03-11 11:00","2019","03","11","11:00","0.6","","-5.2","","65","","26","","26","","","M","99.40","","","","","","NA"
"2019-03-11 12:00","2019","03","11","12:00","0.6","","-5.2","","65","","27","","18","","","M","99.44","","","","","","NA"
"2019-03-11 13:00","2019","03","11","13:00","0.8","","-5.3","","64","","29","","17","","","M","99.43","","","","","","NA"
"2019-03-11 14:00","2019","03","11","14:00","0.4","","-5.8","","63","","29","","18","","","M","99.44","","","","","","NA"
"2019-03-11 15:00","2019","03","11","15:00","0.0","","-6.2","","63","","29","","23","","","M","99.48","","","","-6","","NA"
"2019-03-11 16:00","2019","03","11","16:00","-0.2","","-6.0","","65","","28","","26","","","M","99.53","","","","-6","","NA"
"2019-03-11 17:00","2019","03","11","17:00","-0.6","","-5.7","","69","","28","","17","","","M","99.57","","","","-6","","NA"
"2019-03-11 18:00","2019","03","11","18:00","-0.9","","-6.7","","65","","28","","23","","","M","99.62","","","","-7","","NA"
"2019-03-11 19:00","2019","03","11","19:00","-1.2","","-7.4","","63","","30","","21","","","M","99.70","","","","-7","","NA"
"2019-03-11 20:00","2019","03","11","20:00","-1.7","","-7.0","","67","","28","","20","","","M","99.73","","","","-7","","NA"
"2019-03-11 21:00","2019","03","11","21:00","-2.0","","-6.4","","72","","28","","18","","","M","99.76","","","","-7","","NA"
"2019-03-11 22:00","2019","03","11","22:00","-1.7","","-6.6","","69","","29","","16","","","M","99.79","","","","-7","","NA"
"2019-03-11 23:00","2019","03","11","23:00","-1.7","","-6.6","","69","","29","","14","","","M","99.81","","","","-6","","NA"
"2019-03-12 00:00","2019","03","12","00:00","-1.8","","-6.3","","72","","29","","22","","","M","99.85","","","","-8","","NA"
"2019-03-12 01:00","2019","03","12","01:00","-2.2","","-7.5","","67","","33","","22","","","M","99.91","","","","-8","","NA"
"2019-03-12 02:00","2019","03","12","02:00","-2.8","","-9.2","","62","","32","","32","","","M","99.97","","","","-10","","NA"
"2019-03-12 03:00","2019","03","12","03:00","-3.2","","-9.2","","64","","30","","17","","","M","99.98","","","","-9","","NA"
"2019-03-12 04:00","2019","03","12","04:00","-3.5","","-9.0","","66","","30","","10","","","M","99.99","","","","-7","","NA"
"2019-03-12 05:00","2019","03","12","05:00","-3.3","","-8.5","","68","","32","","21","","","M","100.06","","","","-10","","NA"
"2019-03-12 06:00","2019","03","12","06:00","-3.8","","-8.3","","71","","33","","13","","","M","100.13","","","","-9","","NA"
"2019-03-12 07:00","2019","03","12","07:00","-3.9","","-8.8","","69","","32","","21","","","M","100.20","","","","-10","","NA"
"2019-03-12 08:00","2019","03","12","08:00","-3.1","","-8.5","","66","","32","","15","","","M","100.23","","","","-8","","NA"
"2019-03-12 09:00","2019","03","12","09:00","-1.8","","-8.3","","61","","32","","18","","","M","100.26","","","","-7","","NA"
"2019-03-12 10:00","2019","03","12","10:00","-1.1","","-8.2","","59","","33","","23","","","M","100.28","","","","-7","","NA"
"2019-03-12 11:00","2019","03","12","11:00","-0.1","","-7.8","","56","","28","","17","","","M","100.26","","","","-5","","NA"
"2019-03-12 12:00","2019","03","12","12:00","0.3","","-7.8","","55","","31","","6","","","M","100.24","","","","","","NA"
"2019-03-12 13:00","2019","03","12","13:00","1.4","","-8.0","","50","","29","","10","","","M","100.19","","","","","","NA"
"2019-03-12 14:00","2019","03","12","14:00","2.1","","-7.5","","49","","24","","14","","","M","100.15","","","","","","NA"
"2019-03-12 15:00","2019","03","12","15:00","2.5","","-7.6","","47","","26","","15","","","M","100.13","","","","","","NA"
"2019-03-12 16:00","2019","03","12","16:00","2.7","","-7.5","","47","","24","","14","","","M","100.13","","","","","","NA"
"2019-03-12 17:00","2019","03","12","17:00","2.5","","-7.9","","46","","25","","15","","","M","100.13","","","","","","NA"
"2019-03-12 18:00","2019","03","12","18:00","1.8","","-7.4","","51","","24","","13","","","M","100.11","","","","","","NA"
"2019-03-12 19:00","2019","03","12","19:00","0.8","","-7.4","","54","","24","","5","","","M","100.10","","","","","","NA"
"2019-03-12 20:00","2019","03","12","20:00","0.5","","-7.7","","54","","28","","4","","","M","100.12","","","","","","NA"
"2019-03-12 21:00","2019","03","12","21:00","-1.2","","-6.7","","66","","22","","5","","","M","100.10","","","","-3","","NA"
"2019-03-12 22:00","2019","03","12","22:00","-0.4","","-4.9","","71","","22","","8","","","M","100.11","","","","-3","","NA"
"2019-03-12 23:00","2019","03","12","23:00","-1.1","","-4.8","","76","","20","","10","","","M","100.07","","","","-5","","NA"
"2019-03-13 00:00","2019","03","13","00:00","-2.2","","-5.4","","79","","21","","6","","","M","100.01","","","","-5","","NA"
"2019-03-13 01:00","2019","03","13","01:00","-2.3","","-5.8","","77","","20","","7","","","M","99.94","","","","-5","","NA"
"2019-03-13 02:00","2019","03","13","02:00","-2.5","","-6.2","","76","","18","","6","","","M","99.95","","","","-5","","NA"
"2019-03-13 03:00","2019","03","13","03:00","-3.0","","-6.4","","77","","18","","5","","","M","99.90","","","","-5","","NA"
"2019-03-13 04:00","2019","03","13","04:00","-2.7","","-6.4","","76","","19","","3","","","M","99.89","","","","-4","","NA"
"2019-03-13 05:00","2019","03","13","05:00","-2.2","","-5.4","","79","","14","","2","","","M","99.88","","","","-3","","NA"
"2019-03-13 06:00","2019","03","13","06:00","-1.7","","-4.8","","79","","10","","3","","","M","99.93","","","","-3","","NA"
"2019-03-13 07:00","2019","03","13","07:00","-1.0","","-5.4","","72","","14","","7","","","M","99.88","","","","-4","","NA"
"2019-03-13 08:00","2019","03","13","08:00","-0.6","","-4.5","","75","","12","","9","","","M","99.84","","","","-4","","NA"
"2019-03-13 09:00","2019","03","13","09:00","-0.2","","-4.2","","75","","12","","10","","","M","99.77","","","","-4","","NA"
"2019-03-13 10:00","2019","03","13","10:00","0.8","","-4.9","","66","","13","","16","","","M","99.73","","","","","","NA"
"2019-03-13 11:00","2019","03","13","11:00","1.3","","-4.5","","65","","16","","17","","","M","99.69","","","","","","NA"
"2019-03-13 12:00","2019","03","13","12:00","1.5","","-3.7","","68","","13","","14","","","M","99.59","","","","","","NA"
"2019-03-13 13:00","2019","03","13","13:00","2.0","","-3.3","","68","","15","","10","","","M","99.52","","","","","","NA"
"2019-03-13 14:00","2019","03","13","14:00","1.6","","-2.0","","77","","12","","16","","","M","99.41","","","","","","NA"
"2019-03-13 15:00","2019","03","13","15:00","1.5","","-1.6","","80","","13","","14","","","M","99.37","","","","","","NA"
"2019-03-13 16:00","2019","03","13","16:00","1.4","","-1.3","","82","","12","","14","","","M","99.47","","","","","","NA"
"2019-03-13 17:00","2019","03","13","17:00","1.2","","-1.1","","84","","11","","11","","","M","99.47","","","","","","NA"
"2019-03-13 18:00","2019","03","13","18:00","1.1","","-1.6","","82","","11","","12","","","M","99.49","","","","","","NA"
"2019-03-13 19:00","2019","03","13","19:00","1.0","","-1.9","","81","","9","","10","","","M","99.51","","","","","","NA"
"2019-03-13 20:00","2019","03","13","20:00","0.6","","-1.4","","87","","8","","10","","","M","99.54","","","","","","NA"
"2019-03-13 21:00","2019","03","13","21:00","0.5","","-0.8","","91","","10","","12","","","M","99.56","","","","","","NA"
"2019-03-13 22:00","2019","03","13","22:00","0.7","","-0.4","","92","","10","","7","","","M","99.50","","","","","","NA"
"2019-03-13 23:00","2019","03","13","23:00","0.9","","0.1","","94","","8","","5","","","M","99.43","","","","","","NA"
"2019-03-14 00:00","2019","03","14","00:00","1.1","","0.4","","95","","11","","7","","","M","99.40","","","","","","NA"
"2019-03-14 01:00","2019","03","14","01:00","1.3","","0.4","","94","","10","","5","","","M","99.37","","","","","","NA"
"2019-03-14 02:00","2019","03","14","02:00","1.6","","0.0","","89","","9","","3","","","M","99.43","","","","","","NA"
"2019-03-14 03:00","2019","03","14","03:00","1.6","","0.0","","89","","11","","4","","","M","99.30","","","","","","NA"
"2019-03-14 04:00","2019","03","14","04:00","1.4","","-0.5","","87","","12","","4","","","M","99.25","","","","","","NA"
"2019-03-14 05:00","2019","03","14","05:00","1.1","","-0.5","","89","","7","","4","","","M","99.21","","","","","","NA"
"2019-03-14 06:00","2019","03","14","06:00","1.9","","-0.8","","83","","11","","4","","","M","99.18","","","","","","NA"
"2019-03-14 07:00","2019","03","14","07:00","2.4","","-1.1","","78","","11","","11","","","M","99.13","","","","","","NA"
"2019-03-14 08:00","2019","03","14","08:00","2.9","","-0.9","","76","","9","","9","","","M","99.06","","","","","","NA"
"2019-03-14 09:00","2019","03","14","09:00","4.0","","-0.6","","72","","10","","10","","","M","99.00","","","","","","NA"
"2019-03-14 10:00","2019","03","14","10:00","5.5","","-0.2","","67","","8","","9","","","M","98.92","","","","","","NA"
"2019-03-14 11:00","2019","03","14","11:00","5.9","","0.0","","66","","12","","14","","","M","98.82","","","","","","NA"
"2019-03-14 12:00","2019","03","14","12:00","5.4","","0.7","","72","","11","","13","","","M","98.72","","","","","","NA"
"2019-03-14 13:00","2019","03","14","13:00","5.1","","1.3","","76","","11","","5","","","M","98.60","","","","","","NA"
"2019-03-14 14:00","2019","03","14","14:00","5.0","","1.4","","77","","11","","13","","","M","98.45","","","","","","NA"
"2019-03-14 15:00","2019","03","14","15:00","5.6","","1.9","","77","","10","","11","","","M","98.39","","","","","","NA"
"2019-03-14 16:00","2019","03","14","16:00","5.7","","2.8","","82","","12","","9","","","M","98.37","","","","","","NA"
"2019-03-14 17:00","2019","03","14","17:00","6.4","","3.0","","79","","5","","3","","","M","98.31","","","","","","NA"
"2019-03-14 18:00","2019","03","14","18:00","5.7","","3.0","","83","","11","","20","","","M","97.96","","","","","","NA"
"2019-03-14 19:00","2019","03","14","19:00","5.3","","4.0","","91","","17","","2","","","M","98.17","","","","","","NA"
"2019-03-14 20:00","2019","03","14","20:00","7.4","","6.7","","95","","14","","15","","","M","97.86","","","","","","NA"
"2019-03-14 21:00","2019","03","14","21:00","7.0","","5.8","","92","","12","","18","","","M","97.68","","","","","","NA"
"2019-03-14 22:00","2019","03","14","22:00","7.8","","5.7","","86","","14","","18","","","M","97.55","","","","","","NA"
"2019-03-14 23:00","2019","03","14","23:00","9.5","","6.7","","82","","18","","13","","","M","97.54","","","","","","NA"
"2019-03-15 00:00","2019","03","15","00:00","8.0","","6.5","","90","","31","","10","","","M","97.58","","","","","","NA"
"2019-03-15 01:00","2019","03","15","01:00","7.0","","6.1","","94","","14","","7","","","M","97.53","","","","","","NA"
"2019-03-15 02:00","2019","03","15","02:00","6.8","","6.5","","98","","20","","11","","","M","97.57","","","","","","NA"
"2019-03-15 03:00","2019","03","15","03:00","8.3","","8.0","","98","","20","","18","","","M","97.50","","","","","","NA"
"2019-03-15 04:00","2019","03","15","04:00","8.0","","3.4","","73","","22","","24","","","M","97.58","","","","","","NA"
"2019-03-15 05:00","2019","03","15","05:00","6.9","","3.0","","76","","23","","21","","","M","97.69","","","","","","NA"
"2019-03-15 06:00","2019","03","15","06:00","6.4","","2.6","","77","","22","","18","","","M","97.77","","","","","","NA"
"2019-03-15 07:00","2019","03","15","07:00","5.5","","3.0","","83","","24","","19","","","M","97.91","","","","","","NA"
"2019-03-15 08:00","2019","03","15","08:00","5.8","","2.5","","79","","23","","15","","","M","97.98","","","","","","NA"
"2019-03-15 09:00","2019","03","15","09:00","6.4","","2.2","","75","","23","","25","","","M","98.04","","","","","","NA"
"2019-03-15 10:00","2019","03","15","10:00","6.2","","2.1","","75","","23","","20","","","M","98.11","","","","","","NA"
"2019-03-15 11:00","2019","03","15","11:00","6.3","","2.2","","75","","23","","24","","","M","98.11","","","","","","NA"
"2019-03-15 12:00","2019","03","15","12:00","6.3","","2.6","","77","","22","","21","","","M","98.11","","","","","","NA"
"2019-03-15 13:00","2019","03","15","13:00","6.3","","2.5","","76","","22","","25","","","M","98.09","","","","","","NA"
"2019-03-15 14:00","2019","03","15","14:00","5.6","","2.4","","80","","22","","34","","","M","98.07","","","","","","NA"
"2019-03-15 15:00","2019","03","15","15:00","5.5","","2.3","","80","","23","","25","","","M","98.11","","","","","","NA"
"2019-03-15 16:00","2019","03","15","16:00","5.3","","2.5","","82","","22","","21","","","M","98.13","","","","","","NA"
"2019-03-15 17:00","2019","03","15","17:00","4.7","","2.3","","85","","23","","19","","","M","98.14","","","","","","NA"
"2019-03-15 18:00","2019","03","15","18:00","3.8","","2.0","","88","","23","","20","","","M","98.21","","","","","","NA"
"2019-03-15 19:00","2019","03","15","19:00","3.3","","2.1","","92","","24","","20","","","M","98.29","","","","","","NA"
"2019-03-15 20:00","2019","03","15","20:00","3.0","","1.3","","89","","25","","24","","","M","98.38","","","","","","NA"
"2019-03-15 21:00","2019","03","15","21:00","2.5","","0.0","","84","","26","","13","","","M","98.45","","","","","","NA"
"2019-03-15 22:00","2019","03","15","22:00","2.0","","-1.5","","78","","27","","22","","","M","98.50","","","","","","NA"
"2019-03-15 23:00","2019","03","15","23:00","1.5","","-1.4","","81","","28","","11","","","M","98.56","","","","","","NA"
"2019-03-16 00:00","2019","03","16","00:00","0.6","","-3.9","","72","","28","","24","","","M","98.60","","","","","","NA"
"2019-03-16 01:00","2019","03","16","01:00","0.0","","-5.5","","66","","29","","22","","","M","98.64","","","","-6","","NA"
"2019-03-16 02:00","2019","03","16","02:00","-0.6","","-6.2","","66","","30","","28","","","M","98.73","","","","-7","","NA"
"2019-03-16 03:00","2019","03","16","03:00","-1.3","","-6.8","","67","","29","","24","","","M","98.77","","","","-7","","NA"
"2019-03-16 04:00","2019","03","16","04:00","-1.3","","-6.6","","67","","29","","25","","","M","98.85","","","","-8","","NA"
"2019-03-16 05:00","2019","03","16","05:00","-1.5","","-7.1","","66","","30","","22","","","M","99.00","","","","-7","","NA"
"2019-03-16 06:00","2019","03","16","06:00","-1.6","","-6.3","","71","","29","","20","","","M","99.08","","","","-7","","NA"
"2019-03-16 07:00","2019","03","16","07:00","-1.7","","-7.0","","67","","28","","18","","","M","99.17","","","","-7","","NA"
"2019-03-16 08:00","2019","03","16","08:00","-1.3","","-7.5","","63","","28","","24","","","M","99.25","","","","-7","","NA"
"2019-03-16 09:00","2019","03","16","09:00","-0.6","","-7.0","","62","","28","","17","","","M","99.29","","","","-6","","NA"
"2019-03-16 10:00","2019","03","16","10:00","-0.1","","-7.1","","59","","29","","21","","","M","99.32","","","","-6","","NA"
"2019-03-16 11:00","2019","03","16","11:00","0.0","","-7.0","","59","","30","","22","","","M","99.34","","","","-6","","NA"
"2019-03-16 12:00","2019","03","16","12:00","0.0","","-7.0","","59","","29","","19","","","M","99.39","","","","-5","","NA"
"2019-03-16 13:00","2019","03","16","13:00","-1.0","","-4.9","","75","","33","","20","","","M","99.45","","","","-7","","NA"
"2019-03-16 14:00","2019","03","16","14:00","0.5","","-5.9","","62","","30","","15","","","M","99.44","","","","","","NA"
"2019-03-16 15:00","2019","03","16","15:00","-0.3","","-7.7","","58","","28","","24","","","M","99.48","","","","-6","","NA"
"2019-03-16 16:00","2019","03","16","16:00","-0.6","","-8.5","","55","","30","","25","","","M","99.53","","","","-7","","NA"
"2019-03-16 17:00","2019","03","16","17:00","-1.2","","-8.7","","57","","28","","22","","","M","99.59","","","","-7","","NA"
"2019-03-16 18:00","2019","03","16","18:00","-1.7","","-8.3","","61","","30","","26","","","M","99.66","","","","-8","","NA"
"2019-03-16 19:00","2019","03","16","19:00","-2.0","","-9.2","","58","","29","","19","","","M","99.69","","","","-8","","NA"
"2019-03-16 20:00","2019","03","16","20:00","-2.4","","-8.0","","66","","29","","16","","","M","99.73","","","","-8","","NA"
"2019-03-16 21:00","2019","03","16","21:00","-2.7","","-7.2","","71","","27","","16","","","M","99.75","","","","-8","","NA"
"2019-03-16 22:00","2019","03","16","22:00","-3.1","","-8.8","","65","","29","","15","","","M","99.73","","","","-8","","NA"
"2019-03-16 23:00","2019","03","16","23:00","-3.3","","-10.0","","60","","30","","22","","","M","99.76","","","","-10","","NA"
"2019-03-17 00:00","2019","03","17","00:00","-4.3","","-10.8","","61","","31","","17","","","M","99.79","","","","-10","","NA"
"2019-03-17 01:00","2019","03","17","01:00","-4.7","","-10.5","","64","","33","","18","","","M","99.80","","","","-11","","NA"
"2019-03-17 02:00","2019","03","17","02:00","-4.9","","-10.0","","67","","32","","14","","","M","99.83","","","","-10","","NA"
"2019-03-17 03:00","2019","03","17","03:00","-5.0","","-11.2","","62","","30","","23","","","M","99.84","","","","-12","","NA"
"2019-03-17 04:00","2019","03","17","04:00","-5.3","","-11.6","","62","","30","","18","","","M","99.88","","","","-12","","NA"
"2019-03-17 05:00","2019","03","17","05:00","-5.9","","-11.1","","67","","32","","18","","","M","99.97","","","","-12","","NA"
"2019-03-17 06:00","2019","03","17","06:00","-5.8","","-11.7","","63","","32","","13","","","M","100.00","","","","-11","","NA"
"2019-03-17 07:00","2019","03","17","07:00","-6.0","","-11.8","","64","","26","","5","","","M","99.98","","","","-8","","NA"
"2019-03-17 08:00","2019","03","17","08:00","-5.1","","-12.2","","58","","26","","8","","","M","100.00","","","","-9","","NA"
"2019-03-17 09:00","2019","03","17","09:00","-4.1","","-13.1","","50","","25","","11","","","M","100.04","","","","-9","","NA"
"2019-03-17 10:00","2019","03","17","10:00","-3.4","","-11.6","","53","","25","","14","","","M","100.04","","","","-8","","NA"
"2019-03-17 11:00","2019","03","17","11:00","-1.9","","-11.0","","50","","26","","13","","","M","100.01","","","","-6","","NA"
"2019-03-17 12:00","2019","03","17","12:00","-0.1","","-10.5","","46","","28","","12","","","M","99.97","","","","-4","","NA"
"2019-03-17 13:00","2019","03","17","13:00","0.9","","-10.4","","43","","28","","15","","","M","99.90","","","","","","NA"
"2019-03-17 14:00","2019","03","17","14:00","1.0","","-9.5","","46","","29","","24","","","M","99.85","","","","","","NA"
"2019-03-17 15:00","2019","03","17","15:00","1.1","","-8.8","","48","","28","","21","","","M","99.83","","","","","","NA"
"2019-03-17 16:00","2019","03","17","16:00","0.5","","-9.1","","49","","28","","24","","","M","99.81","","","","","","NA"
"2019-03-17 17:00","2019","03","17","17:00","0.3","","-8.5","","52","","27","","14","","","M","99.81","","","","","","NA"
"2019-03-17 18:00","2019","03","17","18:00","0.4","","-9.6","","47","","29","","21","","","M","99.82","","","","","","NA"
"2019-03-17 19:00","2019","03","17","19:00","-0.2","","-9.1","","51","","28","","15","","","M","99.86","","","","-5","","NA"
"2019-03-17 20:00","2019","03","17","20:00","-0.7","","-8.7","","55","","27","","10","","","M","99.89","","","","-4","","NA"
"2019-03-17 21:00","2019","03","17","21:00","-1.5","","-8.1","","61","","26","","5","","","M","99.89","","","","-3","","NA"
"2019-03-17 22:00","2019","03","17","22:00","-1.9","","-6.9","","68","","24","","5","","","M","99.90","","","","-4","","NA"
"2019-03-17 23:00","2019","03","17","23:00","-2.1","","-7.4","","67","","27","","7","","","M","99.91","","","","-5","","NA"
"2019-03-18 00:00","2019","03","18","00:00","-2.6","","-7.5","","69","","27","","5","","","M","99.91","","","","-5","","NA"
"2019-03-18 01:00","2019","03","18","01:00","-3.5","","-7.6","","74","","25","","3","","","M","99.92","","","","-5","","NA"
"2019-03-18 02:00","2019","03","18","02:00","-4.3","","-7.7","","77","","36","","1","","","M","99.92","","","","-5","","NA"
"2019-03-18 03:00","2019","03","18","03:00","-4.5","","-7.6","","79","","18","","2","","","M","99.91","","","","-5","","NA"
"2019-03-18 04:00","2019","03","18","04:00","-5.9","","-8.4","","83","","32","","2","","","M","99.88","","","","-7","","NA"
"2019-03-18 05:00","2019","03","18","05:00","-5.8","","-8.0","","84","","30","","2","","","M","99.92","","","","-7","","NA"
"2019-03-18 06:00","2019","03","18","06:00","-5.9","","-8.4","","82","","19","","2","","","M","99.94","","","","-7","","NA"
"2019-03-18 07:00","2019","03","18","07:00","-5.0","","-7.5","","82","","0","","1","","","M","99.97","","","","-5","","NA"
"2019-03-18 08:00","2019","03","18","08:00","-1.7","","-5.9","","73","","29","","3","","","M","99.99","","","","-3","","NA"
"2019-03-18 09:00","2019","03","18","09:00","0.3","","-6.7","","60","","33","","11","","","M","100.01","","","","","","NA"
"2019-03-18 10:00","2019","03","18","10:00","0.7","","-7.0","","57","","27","","16","","","M","100.03","","","","","","NA"
"2019-03-18 11:00","2019","03","18","11:00","1.1","","-7.6","","53","","28","","21","","","M","100.04","","","","","","NA"
"2019-03-18 12:00","2019","03","18","12:00","1.0","","-7.8","","52","","29","","17","","","M","100.07","","","","","","NA"
"2019-03-18 13:00","2019","03","18","13:00","1.6","","-10.2","","41","","32","","24","","","M","100.06","","","","","","NA"
"2019-03-18 14:00","2019","03","18","14:00","1.6","","-8.6","","47","","33","","21","","","M","100.05","","","","","","NA"
"2019-03-18 15:00","2019","03","18","15:00","1.6","","-9.6","","43","","33","","24","","","M","100.05","","","","","","NA"
"2019-03-18 16:00","2019","03","18","16:00","1.6","","-9.4","","44","","33","","16","","","M","100.07","","","","","","NA"
"2019-03-18 17:00","2019","03","18","17:00","1.5","","-9.3","","44","","33","","14","","","M","100.10","","","","","","NA"
"2019-03-18 18:00","2019","03","18","18:00","0.8","","-8.9","","48","","33","","9","","","M","100.14","","","","","","NA"
"2019-03-18 19:00","2019","03","18","19:00","-0.1","","-9.3","","50","","32","","9","","","M","100.21","","","","-3","","NA"
"2019-03-18 20:00","2019","03","18","20:00","-0.6","","-9.2","","52","","29","","3","","","M","100.25","","","","-2","","NA"
"2019-03-18 21:00","2019","03","18","21:00","-1.1","","-8.6","","57","","27","","5","","","M","100.29","","","","-3","","NA"
"2019-03-18 22:00","2019","03","18","22:00","-1.5","","-8.1","","61","","26","","4","","","M","100.29","","","","-3","","NA"
"2019-03-18 23:00","2019","03","18","23:00","-1.8","","-7.2","","67","","27","","4","","","M","100.30","","","","-3","","NA"
"2019-03-19 00:00","2019","03","19","00:00","-1.1","","-6.9","","65","","28","","6","","","M","100.32","","","","-3","","NA"
"2019-03-19 01:00","2019","03","19","01:00","-0.8","","-6.7","","64","","26","","10","","","M","100.34","","","","-4","","NA"
"2019-03-19 02:00","2019","03","19","02:00","-1.6","","-4.2","","82","","28","","7","","","M","100.33","","","","-4","","NA"
"2019-03-19 03:00","2019","03","19","03:00","-3.2","","-4.9","","88","","5","","2","","","M","100.29","","","","-4","","NA"
"2019-03-19 04:00","2019","03","19","04:00","-3.8","","-5.2","","90","","33","","3","","","M","100.29","","","","-5","","NA"
"2019-03-19 05:00","2019","03","19","05:00","-5.2","","-6.5","","91","","4","","3","","","M","100.32","","","","-7","","NA"
"2019-03-19 06:00","2019","03","19","06:00","-4.6","","-5.9","","91","","4","","2","","","M","100.35","","","","-5","","NA"
"2019-03-19 07:00","2019","03","19","07:00","-3.9","","-5.5","","89","","2","","5","","","M","100.40","","","","-6","","NA"
"2019-03-19 08:00","2019","03","19","08:00","-2.9","","-5.9","","80","","4","","3","","","M","100.43","","","","-4","","NA"
"2019-03-19 09:00","2019","03","19","09:00","-0.2","","-3.9","","76","","9","","3","","","M","100.46","","","","-1","","NA"
"2019-03-19 10:00","2019","03","19","10:00","1.6","","-4.3","","65","","7","","3","","","M","100.47","","","","","","NA"
"2019-03-19 11:00","2019","03","19","11:00","3.4","","-4.2","","58","","20","","9","","","M","100.47","","","","","","NA"
"2019-03-19 12:00","2019","03","19","12:00","4.2","","-6.5","","46","","25","","6","","","M","100.46","","","","","","NA"
"2019-03-19 13:00","2019","03","19","13:00","5.0","","-7.7","","39","","30","","20","","","M","100.43","","","","","","NA"
"2019-03-19 14:00","2019","03","19","14:00","5.1","","-8.0","","38","","29","","13","","","M","100.36","","","","","","NA"
"2019-03-19 15:00","2019","03","19","15:00","3.3","","-2.6","","65","","6","","11","","","M","100.36","","","","","","NA"
"2019-03-19 16:00","2019","03","19","16:00","3.0","","-2.7","","66","","10","","11","","","M","100.31","","","","","","NA"
"2019-03-19 17:00","2019","03","19","17:00","3.4","","-2.8","","64","","10","","9","","","M","100.28","","","","","","NA"
"2019-03-19 18:00","2019","03","19","18:00","3.0","","-2.8","","66","","13","","8","","","M","100.27","","","","","","NA"
"2019-03-19 19:00","2019","03","19","19:00","2.0","","-3.5","","67","","15","","7","","","M","100.27","","","","","","NA"
"2019-03-19 20:00","2019","03","19","20:00","0.7","","-2.9","","77","","14","","7","","","M","100.28","","","","","","NA"
"2019-03-19 21:00","2019","03","19","21:00","-1.6","","-3.9","","84","","8","","3","","","M","100.25","","","","-3","","NA"
"2019-03-19 22:00","2019","03","19","22:00","-1.6","","-3.5","","87","","0","","1","","","M","100.24","","","","-2","","NA"
"2019-03-19 23:00","2019","03","19","23:00","-2.8","","-4.5","","89","","33","","3","","","M","100.22","","","","-4","","NA"
"2019-03-20 00:00","2019","03","20","00:00","-3.2","","-4.5","","91","","1","","2","","","M","100.19","","","","-4","","NA"
"2019-03-20 01:00","2019","03","20","01:00","-3.5","","-4.6","","92","","32","","1","","","M","100.14","","","","-4","","NA"
"2019-03-20 02:00","2019","03","20","02:00","-3.8","","-4.9","","92","","34","","2","","","M","100.11","","","","-5","","NA"
"2019-03-20 03:00","2019","03","20","03:00","-4.1","","-5.1","","92","","35","","5","","","M","100.05","","","","-6","","NA"
"2019-03-20 04:00","2019","03","20","04:00","-4.3","","-5.4","","92","","33","","2","","","M","100.01","","","","-5","","NA"
"2019-03-20 05:00","2019","03","20","05:00","-4.5","","-5.7","","92","","16","","1","","","M","99.97","","","","-5","","NA"
"2019-03-20 06:00","2019","03","20","06:00","-2.5","","-4.0","","89","","15","","5","","","M","99.94","","","","-4","","NA"
"2019-03-20 07:00","2019","03","20","07:00","-1.7","","-3.8","","86","","16","","3","","","M","99.95","","","","-3","","NA"
"2019-03-20 08:00","2019","03","20","08:00","1.2","","-2.5","","76","","19","","8","","","M","99.94","","","","","","NA"
"2019-03-20 09:00","2019","03","20","09:00","2.9","","-2.7","","67","","21","","11","","","M","99.95","","","","","","NA"
"2019-03-20 10:00","2019","03","20","10:00","5.7","","-2.4","","56","","21","","16","","","M","99.92","","","","","","NA"
"2019-03-20 11:00","2019","03","20","11:00","6.9","","-3.2","","48","","22","","17","","","M","99.86","","","","","","NA"
"2019-03-20 12:00","2019","03","20","12:00","8.0","","-1.1","","53","","19","","18","","","M","99.79","","","","","","NA"
"2019-03-20 13:00","2019","03","20","13:00","7.8","","-2.1","","49","","19","","19","","","M","99.73","","","","","","NA"
"2019-03-20 14:00","2019","03","20","14:00","8.2","","-2.5","","47","","18","","24","","","M","99.64","","","","","","NA"
"2019-03-20 15:00","2019","03","20","15:00","8.7","","-2.6","","45","","17","","21","","","M","99.56","","","","","","NA"
"2019-03-20 16:00","2019","03","20","16:00","8.0","","-3.8","","43","","18","","22","","","M","99.51","","","","","","NA"
"2019-03-20 17:00","2019","03","20","17:00","7.4","","-3.4","","46","","19","","14","","","M","99.48","","","","","","NA"
"2019-03-20 18:00","2019","03","20","18:00","6.6","","-3.4","","49","","18","","12","","","M","99.47","","","","","","NA"
"2019-03-20 19:00","2019","03","20","19:00","6.6","","-3.6","","48","","16","","7","","","M","99.44","","","","","","NA"
"2019-03-20 20:00","2019","03","20","20:00","3.7","","-1.3","","70","","12","","6","","","M","99.49","","","","","","NA"
"2019-03-20 21:00","2019","03","20","21:00","4.1","","-1.5","","67","","14","","8","","","M","99.51","","","","","","NA"
"2019-03-20 22:00","2019","03","20","22:00","3.7","","-1.6","","68","","12","","4","","","M","99.48","","","","","","NA"
"2019-03-20 23:00","2019","03","20","23:00","3.6","","-0.5","","74","","19","","8","","","M","99.45","","","","","","NA"
"2019-03-21 00:00","2019","03","21","00:00","3.5","","0.8","","83","","19","","8","","","M","99.38","","","","","","NA"
"2019-03-21 01:00","2019","03","21","01:00","3.4","","1.0","","84","","18","","4","","","M","99.33","","","","","","NA"
"2019-03-21 02:00","2019","03","21","02:00","3.2","","1.2","","86","","12","","4","","","M","99.30","","","","","","NA"
"2019-03-21 03:00","2019","03","21","03:00","2.3","","0.4","","87","","11","","9","","","M","99.23","","","","","","NA"
"2019-03-21 04:00","2019","03","21","04:00","1.9","","0.6","","91","","10","","7","","","M","99.17","","","","","","NA"
"2019-03-21 05:00","2019","03","21","05:00","1.5","","0.3","","92","","10","","9","","","M","99.14","","","","","","NA"
"2019-03-21 06:00","2019","03","21","06:00","1.8","","0.6","","92","","12","","11","","","M","99.10","","","","","","NA"
"2019-03-21 07:00","2019","03","21","07:00","1.7","","0.1","","89","","8","","5","","","M","99.04","","","","","","NA"
"2019-03-21 08:00","2019","03","21","08:00","2.1","","0.4","","88","","8","","6","","","M","99.01","","","","","","NA"
"2019-03-21 09:00","2019","03","21","09:00","2.7","","0.0","","82","","10","","10","","","M","98.95","","","","","","NA"
"2019-03-21 10:00","2019","03","21","10:00","3.0","","0.4","","83","","10","","9","","","M","98.95","","","","","","NA"
"2019-03-21 11:00","2019","03","21","11:00","3.4","","1.2","","85","","13","","9","","","M","98.90","","","","","","NA"
"2019-03-21 12:00","2019","03","21","12:00","3.8","","1.2","","83","","9","","7","","","M","98.87","","","","","","NA"
"2019-03-21 13:00","2019","03","21","13:00","5.2","","1.7","","78","","15","","8","","","M","98.76","","","","","","NA"
"2019-03-21 14:00","2019","03","21","14:00","5.7","","1.5","","74","","24","","6","","","M","98.66","","","","","","NA"
"2019-03-21 15:00","2019","03","21","15:00","6.3","","1.4","","71","","26","","8","","","M","98.57","","","","","","NA"
"2019-03-21 16:00","2019","03","21","16:00","7.2","","2.0","","69","","25","","8","","","M","98.54","","","","","","NA"
"2019-03-21 17:00","2019","03","21","17:00","7.3","","2.0","","69","","24","","8","","","M","98.51","","","","","","NA"
"2019-03-21 18:00","2019","03","21","18:00","7.2","","2.3","","71","","24","","7","","","M","98.50","","","","","","NA"
"2019-03-21 19:00","2019","03","21","19:00","6.5","","2.3","","75","","28","","5","","","M","98.49","","","","","","NA"
"2019-03-21 20:00","2019","03","21","20:00","5.8","","2.4","","78","","28","","8","","","M","98.49","","","","","","NA"
"2019-03-21 21:00","2019","03","21","21:00","5.1","","2.7","","84","","27","","8","","","M","98.45","","","","","","NA"
"2019-03-21 22:00","2019","03","21","22:00","4.7","","2.1","","84","","30","","17","","","M","98.39","","","","","","NA"
"2019-03-21 23:00","2019","03","21","23:00","3.7","","0.8","","82","","32","","23","","","M","98.37","","","","","","NA"
"2019-03-22 00:00","2019","03","22","00:00","3.1","","0.7","","84","","33","","13","","","M","98.31","","","","","","NA"
"2019-03-22 01:00","2019","03","22","01:00","2.7","","0.6","","86","","32","","11","","","M","98.25","","","","","","NA"
"2019-03-22 02:00","2019","03","22","02:00","2.5","","0.1","","84","","28","","12","","","M","98.21","","","","","","NA"
"2019-03-22 03:00","2019","03","22","03:00","2.2","","0.2","","86","","28","","10","","","M","98.12","","","","","","NA"
"2019-03-22 04:00","2019","03","22","04:00","2.3","","-0.1","","84","","28","","10","","","M","98.06","","","","","","NA"
"2019-03-22 05:00","2019","03","22","05:00","2.2","","-0.2","","84","","29","","9","","","M","98.03","","","","","","NA"
"2019-03-22 06:00","2019","03","22","06:00","2.2","","-0.2","","84","","28","","6","","","M","98.00","","","","","","NA"
"2019-03-22 07:00","2019","03","22","07:00","2.1","","-0.2","","85","","30","","12","","","M","97.99","","","","","","NA"
"2019-03-22 08:00","2019","03","22","08:00","1.8","","0.1","","88","","32","","19","","","M","97.97","","","","","","NA"
"2019-03-22 09:00","2019","03","22","09:00","2.1","","-0.1","","85","","33","","18","","","M","97.95","","","","","","NA"
"2019-03-22 10:00","2019","03","22","10:00","2.1","","0.4","","88","","33","","24","","","M","97.96","","","","","","NA"
"2019-03-22 11:00","2019","03","22","11:00","1.3","","-0.3","","89","","32","","29","","","M","98.01","","","","","","NA"
"2019-03-22 12:00","2019","03","22","12:00","0.8","","-1.8","","83","","32","","33","","","M","98.07","","","","","","NA"
"2019-03-22 13:00","2019","03","22","13:00","1.0","","-3.0","","75","","33","","40","","","M","98.12","","","","","","NA"
"2019-03-22 14:00","2019","03","22","14:00","0.4","","-4.3","","71","","33","","45","","","M","98.14","","","","","","NA"
"2019-03-22 15:00","2019","03","22","15:00","-0.7","","-5.7","","69","","33","","41","","","M","98.19","","","","-8","","NA"
"2019-03-22 16:00","2019","03","22","16:00","-1.6","","-6.7","","68","","33","","46","","","M","98.25","","","","-10","","NA"
"2019-03-22 17:00","2019","03","22","17:00","-1.9","","-7.3","","67","","32","","35","","","M","98.39","","","","-9","","NA"
"2019-03-22 18:00","2019","03","22","18:00","-2.4","","-8.4","","63","","33","","40","","","M","98.49","","","","-11","","NA"
"2019-03-22 19:00","2019","03","22","19:00","-2.6","","-8.4","","64","","34","","37","","","M","98.62","","","","-11","","NA"
"2019-03-22 20:00","2019","03","22","20:00","-2.6","","-8.6","","64","","32","","39","","","M","98.71","","","","-11","","NA"
"2019-03-22 21:00","2019","03","22","21:00","-2.7","","-8.5","","65","","33","","37","","","M","98.80","","","","-11","","NA"
"2019-03-22 22:00","2019","03","22","22:00","-3.4","","-9.4","","63","","33","","43","","","M","98.85","","","","-12","","NA"
"2019-03-22 23:00","2019","03","22","23:00","-4.1","","-11.3","","57","","33","","41","","","M","98.89","","","","-13","","NA"
"2019-03-23 00:00","2019","03","23","00:00","-4.5","","-12.7","","53","","33","","41","","","M","98.93","","","","-14","","NA"
"2019-03-23 01:00","2019","03","23","01:00","-5.0","","-12.6","","55","","33","","34","","","M","98.97","","","","-13","","NA"
"2019-03-23 02:00","2019","03","23","02:00","-5.9","","-13.3","","56","","33","","46","","","M","98.99","","","","-16","","NA"
"2019-03-23 03:00","2019","03","23","03:00","-6.8","","-14.4","","55","","33","","34","","","M","99.03","","","","-16","","NA"
"2019-03-23 04:00","2019","03","23","04:00","-7.0","","-13.2","","62","","34","","27","","","M","99.11","","","","-15","","NA"
"2019-03-23 05:00","2019","03","23","05:00","-7.2","","-14.1","","58","","33","","27","","","M","99.21","","","","-15","","NA"
"2019-03-23 06:00","2019","03","23","06:00","-7.4","","-14.0","","60","","32","","31","","","M","99.34","","","","-16","","NA"
"2019-03-23 07:00","2019","03","23","07:00","-7.0","","-12.7","","64","","33","","26","","","M","99.48","","","","-15","","NA"
"2019-03-23 08:00","2019","03","23","08:00","-6.1","","-14.1","","53","","33","","30","","","M","99.59","","","","-14","","NA"
"2019-03-23 09:00","2019","03","23","09:00","-4.6","","-15.9","","41","","33","","33","","","M","99.69","","","","-13","","NA"
"2019-03-23 10:00","2019","03","23","10:00","-2.9","","-13.1","","46","","34","","22","","","M","99.73","","","","-9","","NA"
"2019-03-23 11:00","2019","03","23","11:00","-1.8","","-14.2","","39","","30","","23","","","M","99.76","","","","-8","","NA"
"2019-03-23 12:00","2019","03","23","12:00","-0.5","","-13.3","","38","","30","","21","","","M","99.78","","","","-6","","NA"
"2019-03-23 13:00","2019","03","23","13:00","1.6","","-11.8","","36","","31","","10","","","M","99.79","","","","","","NA"
"2019-03-23 14:00","2019","03","23","14:00","2.6","","-11.1","","36","","32","","21","","","M","99.75","","","","","","NA"
"2019-03-23 15:00","2019","03","23","15:00","3.5","","-12.6","","30","","30","","22","","","M","99.74","","","","","","NA"
"2019-03-23 16:00","2019","03","23","16:00","4.7","","-12.0","","29","","28","","14","","","M","99.70","","","","","","NA"
"2019-03-23 17:00","2019","03","23","17:00","4.4","","-12.3","","29","","27","","14","","","M","99.71","","","","","","NA"
"2019-03-23 18:00","2019","03","23","18:00","3.1","","-9.8","","38","","29","","17","","","M","99.74","","","","","","NA"
"2019-03-23 19:00","2019","03","23","19:00","1.7","","-8.5","","47","","26","","11","","","M","99.74","","","","","","NA"
"2019-03-23 20:00","2019","03","23","20:00","0.7","","-8.2","","52","","26","","12","","","M","99.75","","","","","","NA"
"2019-03-23 21:00","2019","03","23","21:00","0.0","","-8.4","","53","","24","","10","","","M","99.77","","","","-3","","NA"
"2019-03-23 22:00","2019","03","23","22:00","-0.5","","-8.6","","55","","24","","9","","","M","99.74","","","","-4","","NA"
"2019-03-23 23:00","2019","03","23","23:00","-0.8","","-8.1","","58","","24","","10","","","M","99.71","","","","-4","","NA"
"2019-03-24 00:00","2019","03","24","00:00","-1.0","","-7.7","","60","","22","","7","","","M","99.66","","","","-4","","NA"
"2019-03-24 01:00","2019","03","24","01:00","-1.5","","-7.7","","63","","19","","4","","","M","99.60","","","","-3","","NA"
"2019-03-24 02:00","2019","03","24","02:00","-3.8","","-7.9","","73","","4","","3","","","M","99.56","","","","-5","","NA"
"2019-03-24 03:00","2019","03","24","03:00","-3.9","","-7.8","","75","","35","","4","","","M","99.55","","","","-6","","NA"
"2019-03-24 04:00","2019","03","24","04:00","-4.4","","-7.3","","80","","26","","2","","","M","99.52","","","","-5","","NA"
"2019-03-24 05:00","2019","03","24","05:00","-4.0","","-6.8","","81","","23","","7","","","M","99.52","","","","-7","","NA"
"2019-03-24 06:00","2019","03","24","06:00","-4.0","","-6.9","","80","","28","","1","","","M","99.51","","","","-4","","NA"
"2019-03-24 07:00","2019","03","24","07:00","0.6","","-4.8","","67","","23","","7","","","M","99.49","","","","","","NA"
"2019-03-24 08:00","2019","03","24","08:00","2.6","","-3.7","","63","","22","","11","","","M","99.46","","","","","","NA"
"2019-03-24 09:00","2019","03","24","09:00","4.6","","-3.1","","57","","24","","13","","","M","99.45","","","","","","NA"
"2019-03-24 10:00","2019","03","24","10:00","6.9","","-2.2","","52","","23","","12","","","M","99.44","","","","","","NA"
"2019-03-24 11:00","2019","03","24","11:00","7.2","","-2.5","","50","","24","","18","","","M","99.38","","","","","","NA"
"2019-03-24 12:00","2019","03","24","12:00","8.4","","-1.6","","49","","27","","16","","","M","99.28","","","","","","NA"
"2019-03-24 13:00","2019","03","24","13:00","8.5","","-2.1","","47","","26","","16","","","M","99.25","","","","","","NA"
"2019-03-24 14:00","2019","03","24","14:00","8.0","","-2.0","","49","","25","","18","","","M","99.24","","","","","","NA"
"2019-03-24 15:00","2019","03","24","15:00","8.3","","-1.6","","50","","25","","13","","","M","99.17","","","","","","NA"
"2019-03-24 16:00","2019","03","24","16:00","8.7","","-1.6","","48","","25","","20","","","M","99.16","","","","","","NA"
"2019-03-24 17:00","2019","03","24","17:00","8.2","","-1.4","","51","","25","","16","","","M","99.18","","","","","","NA"
"2019-03-24 18:00","2019","03","24","18:00","5.7","","-0.6","","64","","32","","21","","","M","99.26","","","","","","NA"
"2019-03-24 19:00","2019","03","24","19:00","2.7","","-2.0","","71","","34","","22","","","M","99.37","","","","","","NA"
"2019-03-24 20:00","2019","03","24","20:00","1.3","","-3.1","","73","","33","","21","","","M","99.48","","","","","","NA"
"2019-03-24 21:00","2019","03","24","21:00","0.8","","-3.0","","76","","34","","24","","","M","99.55","","","","","","NA"
"2019-03-24 22:00","2019","03","24","22:00","0.3","","-2.9","","79","","34","","30","","","M","99.58","","","","","","NA"
"2019-03-24 23:00","2019","03","24","23:00","-0.5","","-2.9","","84","","36","","22","","","M","99.62","","","","-6","","NA"
"2019-03-25 00:00","2019","03","25","00:00","-0.9","","-4.6","","76","","36","","24","","","M","99.67","","","","-7","","NA"
"2019-03-25 01:00","2019","03","25","01:00","-1.9","","-7.0","","68","","36","","18","","","M","99.75","","","","-7","","NA"
"2019-03-25 02:00","2019","03","25","02:00","-3.0","","-8.1","","68","","36","","11","","","M","99.80","","","","-7","","NA"
"2019-03-25 03:00","2019","03","25","03:00","-4.2","","-8.9","","70","","1","","7","","","M","99.79","","","","-7","","NA"
"2019-03-25 04:00","2019","03","25","04:00","-4.5","","-9.0","","71","","35","","7","","","M","99.85","","","","-8","","NA"
"2019-03-25 05:00","2019","03","25","05:00","-4.6","","-9.5","","69","","1","","3","","","M","99.91","","","","-6","","NA"
"2019-03-25 06:00","2019","03","25","06:00","-4.8","","-10.6","","64","","36","","10","","","M","99.96","","","","-9","","NA"
"2019-03-25 07:00","2019","03","25","07:00","-4.7","","-11.5","","59","","3","","14","","","M","100.03","","","","-10","","NA"
"2019-03-25 08:00","2019","03","25","08:00","-3.8","","-14.0","","45","","4","","19","","","M","100.07","","","","-10","","NA"
"2019-03-25 09:00","2019","03","25","09:00","-2.7","","-15.0","","39","","4","","15","","","M","100.11","","","","-8","","NA"
"2019-03-25 10:00","2019","03","25","10:00","-1.8","","-16.0","","33","","2","","9","","","M","100.10","","","","-5","","NA"
"2019-03-25 11:00","2019","03","25","11:00","-0.9","","-15.5","","32","","28","","4","","","M","100.05","","","","-2","","NA"
"2019-03-25 12:00","2019","03","25","12:00","0.3","","-16.5","","27","","35","","6","","","M","99.98","","","","","","NA"
"2019-03-25 13:00","2019","03","25","13:00","0.8","","-18.3","","23","","36","","8","","","M","99.93","","","","","","NA"
"2019-03-25 14:00","2019","03","25","14:00","2.0","","-14.9","","27","","34","","24","","","M","99.86","","","","","","NA"
"2019-03-25 15:00","2019","03","25","15:00","2.1","","-14.6","","28","","33","","24","","","M","99.82","","","","","","NA"
"2019-03-25 16:00","2019","03","25","16:00","1.1","","-18.1","","23","","34","","25","","","M","99.81","","","","","","NA"
"2019-03-25 17:00","2019","03","25","17:00","1.1","","-16.3","","26","","33","","17","","","M","99.79","","","","","","NA"
"2019-03-25 18:00","2019","03","25","18:00","0.4","","-16.0","","28","","34","","16","","","M","99.80","","","","","","NA"
"2019-03-25 19:00","2019","03","25","19:00","-1.0","","-14.2","","36","","33","","10","","","M","99.84","","","","-5","","NA"
"2019-03-25 20:00","2019","03","25","20:00","-1.8","","-12.0","","46","","33","","18","","","M","99.93","","","","-7","","NA"
"2019-03-25 21:00","2019","03","25","21:00","-2.5","","-11.0","","52","","32","","14","","","M","100.02","","","","-7","","NA"
"2019-03-25 22:00","2019","03","25","22:00","-2.7","","-12.4","","47","","29","","10","","","M","100.05","","","","-7","","NA"
"2019-03-25 23:00","2019","03","25","23:00","-3.2","","-12.5","","49","","32","","5","","","M","100.08","","","","-5","","NA"
"2019-03-26 00:00","2019","03","26","00:00","-3.4","","-11.6","","53","","30","","6","","","M","100.09","","","","-6","","NA"
"2019-03-26 01:00","2019","03","26","01:00","-3.4","","-10.2","","59","","32","","9","","","M","100.12","","","","-7","","NA"
"2019-03-26 02:00","2019","03","26","02:00","-3.6","","-9.7","","63","","33","","10","","","M","100.13","","","","-8","","NA"
"2019-03-26 03:00","2019","03","26","03:00","-3.8","","-9.3","","66","","35","","13","","","M","100.14","","","","-9","","NA"
"2019-03-26 04:00","2019","03","26","04:00","-4.1","","-9.1","","68","","35","","14","","","M","100.18","","","","-9","","NA"
"2019-03-26 05:00","2019","03","26","05:00","-4.8","","-9.9","","67","","1","","8","","","M","100.27","","","","-8","","NA"
"2019-03-26 06:00","2019","03","26","06:00","-5.5","","-10.4","","69","","36","","9","","","M","100.37","","","","-10","","NA"
"2019-03-26 07:00","2019","03","26","07:00","-4.4","","-10.7","","62","","35","","11","","","M","100.51","","","","-9","","NA"
"2019-03-26 08:00","2019","03","26","08:00","-2.8","","-12.1","","49","","3","","8","","","M","100.61","","","","-6","","NA"
"2019-03-26 09:00","2019","03","26","09:00","-1.2","","-13.7","","39","","1","","8","","","M","100.68","","","","-4","","NA"
"2019-03-26 10:00","2019","03","26","10:00","-0.3","","-16.5","","28","","1","","6","","","M","100.70","","","","-2","","NA"
"2019-03-26 11:00","2019","03","26","11:00","0.6","","-16.3","","27","","9","","5","","","M","100.70","","","","","","NA"
"2019-03-26 12:00","2019","03","26","12:00","1.5","","-16.1","","26","","33","","13","","","M","100.67","","","","","","NA"
"2019-03-26 13:00","2019","03","26","13:00","2.0","","-17.5","","22","","33","","12","","","M","100.63","","","","","","NA"
"2019-03-26 14:00","2019","03","26","14:00","2.6","","-16.2","","24","","32","","15","","","M","100.57","","","","","","NA"
"2019-03-26 15:00","2019","03","26","15:00","3.4","","-15.7","","23","","33","","18","","","M","100.54","","","","","","NA"
"2019-03-26 16:00","2019","03","26","16:00","3.4","","-15.2","","24","","33","","20","","","M","100.54","","","","","","NA"
"2019-03-26 17:00","2019","03","26","17:00","2.9","","-16.1","","23","","35","","22","","","M","100.55","","","","","","NA"
"2019-03-26 18:00","2019","03","26","18:00","1.5","","-17.6","","23","","35","","18","","","M","100.54","","","","","","NA"
"2019-03-26 19:00","2019","03","26","19:00","-0.2","","-15.8","","30","","35","","7","","","M","100.57","","","","-3","","NA"
"2019-03-26 20:00","2019","03","26","20:00","-0.8","","-16.5","","30","","8","","1","","","M","100.61","","","","-1","","NA"
"2019-03-26 21:00","2019","03","26","21:00","-0.5","","-16.6","","29","","33","","4","","","M","100.64","","","","-2","","NA"
"2019-03-26 22:00","2019","03","26","22:00","-2.7","","-13.7","","43","","5","","4","","","M","100.64","","","","-4","","NA"
"2019-03-26 23:00","2019","03","26","23:00","-2.6","","-13.2","","44","","33","","2","","","M","100.61","","","","-3","","NA"
"2019-03-27 00:00","2019","03","27","00:00","-3.5","","-12.6","","50","","19","","2","","","M","100.59","","","","-4","","NA"
"2019-03-27 01:00","2019","03","27","01:00","-4.7","","-11.2","","60","","3","","3","","","M","100.59","","","","-6","","NA"
"2019-03-27 02:00","2019","03","27","02:00","-4.9","","-9.8","","69","","33","","2","","","M","100.62","","","","-6","","NA"
"2019-03-27 03:00","2019","03","27","03:00","-5.0","","-9.3","","72","","36","","3","","","M","100.61","","","","-6","","NA"
"2019-03-27 04:00","2019","03","27","04:00","-4.8","","-8.2","","77","","3","","3","","","M","100.60","","","","-6","","NA"
"2019-03-27 05:00","2019","03","27","05:00","-4.5","","-8.3","","75","","2","","2","","","M","100.63","","","","-5","","NA"
"2019-03-27 06:00","2019","03","27","06:00","-4.3","","-9.8","","65","","4","","3","","","M","100.65","","","","-6","","NA"
"2019-03-27 07:00","2019","03","27","07:00","-3.4","","-8.8","","67","","36","","4","","","M","100.71","","","","-5","","NA"
"2019-03-27 08:00","2019","03","27","08:00","-0.8","","-7.0","","63","","6","","2","","","M","100.74","","","","-1","","NA"
"2019-03-27 09:00","2019","03","27","09:00","2.6","","-8.4","","44","","21","","15","","","M","100.69","","","","","","NA"
"2019-03-27 10:00","2019","03","27","10:00","4.0","","-9.1","","38","","21","","17","","","M","100.68","","","","","","NA"
"2019-03-27 11:00","2019","03","27","11:00","5.0","","-9.3","","35","","19","","14","","","M","100.63","","","","","","NA"
"2019-03-27 12:00","2019","03","27","12:00","5.7","","-9.8","","32","","19","","15","","","M","100.54","","","","","","NA"
"2019-03-27 13:00","2019","03","27","13:00","6.6","","-10.0","","29","","17","","21","","","M","100.44","","","","","","NA"
"2019-03-27 14:00","2019","03","27","14:00","7.0","","-9.7","","29","","18","","21","","","M","100.35","","","","","","NA"
"2019-03-27 15:00","2019","03","27","15:00","7.4","","-11.2","","26","","17","","14","","","M","100.31","","","","","","NA"
"2019-03-27 16:00","2019","03","27","16:00","7.6","","-10.4","","27","","20","","21","","","M","100.22","","","","","","NA"
"2019-03-27 17:00","2019","03","27","17:00","6.0","","-10.1","","30","","16","","18","","","M","100.16","","","","","","NA"
"2019-03-27 18:00","2019","03","27","18:00","3.3","","-9.2","","39","","15","","17","","","M","100.12","","","","","","NA"
"2019-03-27 19:00","2019","03","27","19:00","2.1","","-8.4","","46","","15","","17","","","M","100.08","","","","","","NA"
"2019-03-27 20:00","2019","03","27","20:00","1.1","","-7.8","","52","","14","","11","","","M","100.03","","","","","","NA"
"2019-03-27 21:00","2019","03","27","21:00","0.6","","-6.9","","57","","13","","7","","","M","99.96","","","","","","NA"
"2019-03-27 22:00","2019","03","27","22:00","-0.5","","-6.4","","64","","11","","4","","","M","99.89","","","","-2","","NA"
"2019-03-27 23:00","2019","03","27","23:00","-1.6","","-6.4","","70","","35","","2","","","M","99.82","","","","-2","","NA"
"2019-03-28 00:00","2019","03","28","00:00","-1.8","","-5.5","","76","","4","","2","","","M","99.73","","","","-3","","NA"
"2019-03-28 01:00","2019","03","28","01:00","-2.5","","-6.0","","77","","35","","3","","","M","99.66","","","","-4","","NA"
"2019-03-28 02:00","2019","03","28","02:00","-2.1","","-5.1","","80","","11","","2","","","M","99.71","","","","-3","","NA"
"2019-03-28 03:00","2019","03","28","03:00","-2.1","","-5.4","","78","","33","","2","","","M","99.64","","","","-3","","NA"
"2019-03-28 04:00","2019","03","28","04:00","-1.0","","-4.2","","79","","9","","3","","","M","99.54","","","","-2","","NA"
"2019-03-28 05:00","2019","03","28","05:00","1.5","","-5.8","","58","","20","","5","","","M","99.50","","","","","","NA"
"2019-03-28 06:00","2019","03","28","06:00","3.1","","-6.5","","50","","17","","10","","","M","99.47","","","","","","NA"
"2019-03-28 07:00","2019","03","28","07:00","3.2","","-4.7","","56","","17","","10","","","M","99.46","","","","","","NA"
"2019-03-28 08:00","2019","03","28","08:00","1.2","","-1.1","","85","","7","","5","","","M","99.42","","","","","","NA"
"2019-03-28 09:00","2019","03","28","09:00","1.9","","0.5","","90","","11","","4","","","M","99.36","","","","","","NA"
"2019-03-28 10:00","2019","03","28","10:00","4.8","","0.4","","73","","22","","12","","","M","99.32","","","","","","NA"
"2019-03-28 11:00","2019","03","28","11:00","6.3","","1.6","","72","","21","","14","","","M","99.27","","","","","","NA"
"2019-03-28 12:00","2019","03","28","12:00","9.0","","3.6","","69","","23","","22","","","M","99.16","","","","","","NA"
"2019-03-28 13:00","2019","03","28","13:00","10.5","","4.5","","66","","22","","16","","","M","99.13","","","","","","NA"
"2019-03-28 14:00","2019","03","28","14:00","11.4","","5.6","","67","","22","","28","","","M","99.06","","","","","","NA"
"2019-03-28 15:00","2019","03","28","15:00","10.8","","5.2","","68","","22","","21","","","M","99.08","","","","","","NA"
"2019-03-28 16:00","2019","03","28","16:00","10.5","","3.6","","62","","24","","19","","","M","99.09","","","","","","NA"
"2019-03-28 17:00","2019","03","28","17:00","10.6","","3.3","","60","","23","","10","","","M","99.09","","","","","","NA"
"2019-03-28 18:00","2019","03","28","18:00","10.6","","3.1","","60","","25","","10","","","M","99.15","","","","","","NA"
"2019-03-28 19:00","2019","03","28","19:00","10.2","","2.9","","60","","25","","9","","","M","99.20","","","","","","NA"
"2019-03-28 20:00","2019","03","28","20:00","9.9","","2.8","","61","","24","","7","","","M","99.28","","","","","","NA"
"2019-03-28 21:00","2019","03","28","21:00","7.9","","3.2","","72","","36","","23","","","M","99.31","","","","","","NA"
"2019-03-28 22:00","2019","03","28","22:00","6.6","","1.4","","70","","35","","18","","","M","99.29","","","","","","NA"
"2019-03-28 23:00","2019","03","28","23:00","5.9","","-1.5","","59","","35","","30","","","M","99.28","","","","","","NA"
"2019-03-29 00:00","2019","03","29","00:00","4.8","","-1.0","","66","","34","","23","","","M","99.30","","","","","","NA"
"2019-03-29 01:00","2019","03","29","01:00","3.5","","0.3","","79","","35","","19","","","M","99.32","","","","","","NA"
"2019-03-29 02:00","2019","03","29","02:00","3.4","","0.1","","79","","35","","18","","","M","99.30","","","","","","NA"
"2019-03-29 03:00","2019","03","29","03:00","3.3","","0.0","","79","","35","","14","","","M","99.25","","","","","","NA"
"2019-03-29 04:00","2019","03","29","04:00","3.8","","-1.0","","71","","33","","8","","","M","99.27","","","","","","NA"
"2019-03-29 05:00","2019","03","29","05:00","4.0","","-1.9","","65","","30","","4","","","M","99.35","","","","","","NA"
"2019-03-29 06:00","2019","03","29","06:00","3.9","","-1.9","","66","","27","","6","","","M","99.43","","","","","","NA"
"2019-03-29 07:00","2019","03","29","07:00","3.2","","-1.6","","71","","31","","4","","","M","99.49","","","","","","NA"
"2019-03-29 08:00","2019","03","29","08:00","3.6","","-1.7","","68","","30","","8","","","M","99.53","","","","","","NA"
"2019-03-29 09:00","2019","03","29","09:00","5.7","","-1.8","","58","","26","","4","","","M","99.54","","","","","","NA"
"2019-03-29 10:00","2019","03","29","10:00","7.5","","-5.3","","40","","33","","21","","","M","99.54","","","","","","NA"
"2019-03-29 11:00","2019","03","29","11:00","8.4","","-4.4","","40","","36","","19","","","M","99.55","","","","","","NA"
"2019-03-29 12:00","2019","03","29","12:00","9.4","","-4.6","","37","","32","","15","","","M","99.52","","","","","","NA"
"2019-03-29 13:00","2019","03","29","13:00","10.3","","-4.3","","35","","30","","16","","","M","99.46","","","","","","NA"
"2019-03-29 14:00","2019","03","29","14:00","10.6","","-3.8","","36","","31","","13","","","M","99.41","","","","","","NA"
"2019-03-29 15:00","2019","03","29","15:00","11.2","","-4.2","","34","","31","","18","","","M","99.38","","","","","","NA"
"2019-03-29 16:00","2019","03","29","16:00","11.0","","-3.4","","36","","35","","10","","","M","99.37","","","","","","NA"
"2019-03-29 17:00","2019","03","29","17:00","9.5","","-2.6","","42","","32","","18","","","M","99.38","","","","","","NA"
"2019-03-29 18:00","2019","03","29","18:00","8.1","","-4.1","","42","","35","","17","","","M","99.44","","","","","","NA"
"2019-03-29 19:00","2019","03","29","19:00","5.8","","-4.6","","47","","3","","12","","","M","99.50","","","","","","NA"
"2019-03-29 20:00","2019","03","29","20:00","5.0","","-4.9","","49","","1","","14","","","M","99.54","","","","","","NA"
"2019-03-29 21:00","2019","03","29","21:00","3.6","","-4.0","","58","","35","","14","","","M","99.55","","","","","","NA"
"2019-03-29 22:00","2019","03","29","22:00","2.6","","-4.5","","59","","36","","19","","","M","99.53","","","","","","NA"
"2019-03-29 23:00","2019","03","29","23:00","2.7","","-5.0","","57","","1","","15","","","M","99.45","","","","","","NA"
"2019-03-30 00:00","2019","03","30","00:00","2.1","","-5.3","","58","","3","","8","","","M","99.38","","","","","","NA"
"2019-03-30 01:00","2019","03","30","01:00","2.2","","-5.1","","59","","3","","7","","","M","99.32","","","","","","NA"
"2019-03-30 02:00","2019","03","30","02:00","2.2","","-4.3","","62","","2","","8","","","M","99.19","","","","","","NA"
"2019-03-30 03:00","2019","03","30","03:00","2.4","","-3.5","","65","","4","","6","","","M","99.10","","","","","","NA"
"2019-03-30 04:00","2019","03","30","04:00","3.1","","-2.5","","67","","10","","5","","","M","99.00","","","","","","NA"
"2019-03-30 05:00","2019","03","30","05:00","1.2","","-1.2","","84","","8","","14","","","M","98.91","","","","","","NA"
"2019-03-30 06:00","2019","03","30","06:00","1.0","","-0.4","","90","","6","","13","","","M","98.81","","","","","","NA"
"2019-03-30 07:00","2019","03","30","07:00","1.1","","0.0","","93","","4","","12","","","M","98.76","","","","","","NA"
"2019-03-30 08:00","2019","03","30","08:00","1.6","","0.8","","94","","6","","14","","","M","98.57","","","","","","NA"
"2019-03-30 09:00","2019","03","30","09:00","2.2","","1.4","","94","","9","","12","","","M","98.51","","","","","","NA"
"2019-03-30 10:00","2019","03","30","10:00","2.9","","2.2","","95","","8","","9","","","M","98.40","","","","","","NA"
"2019-03-30 11:00","2019","03","30","11:00","3.0","","2.4","","96","","9","","13","","","M","98.24","","","","","","NA"
"2019-03-30 12:00","2019","03","30","12:00","3.3","","2.8","","96","","3","","7","","","M","98.11","","","","","","NA"
"2019-03-30 13:00","2019","03","30","13:00","3.7","","3.2","","97","","35","","4","","","M","98.08","","","","","","NA"
"2019-03-30 14:00","2019","03","30","14:00","3.4","","2.7","","95","","33","","7","","","M","98.01","","","","","","NA"
"2019-03-30 15:00","2019","03","30","15:00","3.6","","2.9","","95","","34","","18","","","M","98.00","","","","","","NA"
"2019-03-30 16:00","2019","03","30","16:00","2.6","","1.8","","94","","34","","19","","","M","98.08","","","","","","NA"
"2019-03-30 17:00","2019","03","30","17:00","2.7","","1.8","","94","","36","","29","","","M","98.15","","","","","","NA"
"2019-03-30 18:00","2019","03","30","18:00","2.4","","1.4","","93","","35","","23","","","M","98.21","","","","","","NA"
"2019-03-30 19:00","2019","03","30","19:00","2.0","","1.0","","94","","36","","23","","","M","98.14","","","","","","NA"
"2019-03-30 20:00","2019","03","30","20:00","1.6","","0.5","","93","","36","","19","","","M","98.26","","","","","","NA"
"2019-03-30 21:00","2019","03","30","21:00","0.9","","0.1","","94","","36","","19","","","M","98.18","","","","","","NA"
"2019-03-30 22:00","2019","03","30","22:00","0.9","","-0.1","","93","","35","","18","","","M","98.21","","","","","","NA"
"2019-03-30 23:00","2019","03","30","23:00","0.3","","-0.4","","95","","36","","16","","","M","98.20","","","","","","NA"
"2019-03-31 00:00","2019","03","31","00:00","0.3","","-0.3","","96","","34","","22","","","M","98.16","","","","","","NA"
"2019-03-31 01:00","2019","03","31","01:00","0.3","","-0.4","","96","","35","","22","","","M","98.11","","","","","","NA"
"2019-03-31 02:00","2019","03","31","02:00","0.3","","-0.4","","95","","31","","17","","","M","98.21","","","","","","NA"
"2019-03-31 03:00","2019","03","31","03:00","-0.4","","-1.5","","92","","33","","28","","","M","98.15","","","","-7","","NA"
"2019-03-31 04:00","2019","03","31","04:00","-0.6","","-2.3","","88","","32","","20","","","M","98.26","","","","-6","","NA"
"2019-03-31 05:00","2019","03","31","05:00","-0.4","","-2.2","","88","","32","","22","","","M","98.35","","","","-6","","NA"
"2019-03-31 06:00","2019","03","31","06:00","-0.6","","-2.4","","88","","32","","28","","","M","98.50","","","","-7","","NA"
"2019-03-31 07:00","2019","03","31","07:00","-0.5","","-2.2","","88","","32","","18","","","M","98.58","","","","-6","","NA"
"2019-03-31 08:00","2019","03","31","08:00","-0.3","","-2.3","","87","","32","","21","","","M","98.66","","","","-6","","NA"
"2019-03-31 09:00","2019","03","31","09:00","0.1","","-2.3","","84","","32","","18","","","M","98.74","","","","","","NA"
"2019-03-31 10:00","2019","03","31","10:00","0.2","","-2.4","","83","","30","","16","","","M","98.84","","","","","","NA"
"2019-03-31 11:00","2019","03","31","11:00","0.2","","-2.9","","80","","33","","21","","","M","98.87","","","","","","NA"
"2019-03-31 12:00","2019","03","31","12:00","0.9","","-2.3","","79","","32","","22","","","M","98.87","","","","","","NA"
"2019-03-31 13:00","2019","03","31","13:00","1.2","","-2.7","","75","","32","","26","","","M","98.91","","","","","","NA"
"2019-03-31 14:00","2019","03","31","14:00","0.6","","-3.1","","77","","33","","28","","","M","98.96","","","","","","NA"
"2019-03-31 15:00","2019","03","31","15:00","0.1","","-3.1","","79","","33","","28","","","M","99.01","","","","","","NA"
"2019-03-31 16:00","2019","03","31","16:00","-0.3","","-3.7","","78","","32","","29","","","M","99.06","","","","-7","","NA"
"2019-03-31 17:00","2019","03","31","17:00","-1.1","","-4.0","","81","","33","","22","","","M","99.13","","","","-7","","NA"
"2019-03-31 18:00","2019","03","31","18:00","-1.5","","-5.8","","72","","30","","23","","","M","99.22","","","","-8","","NA"
"2019-03-31 19:00","2019","03","31","19:00","-2.7","","-7.5","","70","","30","","24","","","M","99.31","","","","-9","","NA"
"2019-03-31 20:00","2019","03","31","20:00","-3.2","","-7.5","","72","","32","","21","","","M","99.41","","","","-9","","NA"
"2019-03-31 21:00","2019","03","31","21:00","-3.9","","-6.5","","82","","29","","13","","","M","99.49","","","","-9","","NA"
"2019-03-31 22:00","2019","03","31","22:00","-4.0","","-6.4","","83","","31","","18","","","M","99.52","","","","-10","","NA"
"2019-03-31 23:00","2019","03","31","23:00","-3.9","","-7.1","","78","","30","","18","","","M","99.59","","","","-10","","NA"
